price,property description,number of bedrooms,number of bathrooms,Location,estate agency
"N26,500,000",Newly Built 2 & 3 Bedroom Flat Apartments in Surulere,4,4,"Off Brown Road, Aguda , Surulere",Choice Property
"N65,000,000","Luxury 3 Bedroom Flat with Maid's Room, AC, Fitted Kitchen Along Water Corporation Drive, Oniru",3,4,"Along Water Corporation Drive Off Ligali Ayorinde Street, Oniru, Victoria Island",Deluxe Residences Ltd
"N25,000,000",Newly Built 2 Bedroom Apartments,2,2,"Orchid Road, Chevron Drive, Lekki",JOA Homes
"N60,000,000",3 Bedroom Apartment With Bq,3,4,"The Dream Place, Lekki Phase 1, Lekki",
"N48,000,000",A 3 bedroom apartment,3,3,"Ikate, Ikate Elegushi, Lekki",Underwood Homes
"N685,000,000",Prime Property For Sale,4,5,"Bourdillon , Ikoyi",Imperial Facilities Limited
"N25,000,000","Luxury and fully serviced 1 Bedroom Flat(Mini Flat), Gym, Generator and uniformed security located in Surulere",1,1,Surulere,Loyalty Property
"N27,000,000",Lovely 2 Bedroom Apartment,2,2,"Tlantic Layout Estate, Ajiwe By Abraham Adesanya , Abraham Adesanya, Ajah",Teewhy Properties
"N23,500,000",Xmas Promo 2 Bedroom Apartment With Bq,2,2,"Abijo, Ajah",Teewhy Properties
"N35,000,000",Luxury finished 3 Bedroom Flat,3,3,Gbagada,Loyalty Property
"N68,000,000",3 Bedroom Penthouse @ Cadogan Estate,3,3,"Osapa, Lekki",Individual Listing
"N38,500,000",Spacious 3 Bedroom Flat,3,3,"Megamound, Ikota, Lekki",Imond Global Nigeria Limited
"N40,000,000","Units Of 2,3 And 4 Bedroom Apartments",2,2,"Ikate, Ikate Elegushi, Lekki",Teewhy Properties
"N25,000,000",Luxury 1 Bedroom Serviced Flat in Surulere,1,2,"Adelabu By Marsha Roundabout , Surulere",Maxville Investment Inc
"N45,000,000",Luxury 3 Bedroom Flat Apartment,3,3,"Elegushi, Ikate Elegushi, Lekki",Imond Global Nigeria Limited
"N400,000,000",Upscale 4 Bedroom Pent House,4,4,"Bourdillon, Ikoyi",CWRE Lagos
"N38,000,000",Newly built and serviced 6 units of tastefully finished 3bedroom ensuite flats,3,3,"Canal West Estate, Osapa, Lekki",Tgeemax Services Ltd
"N20,000,000",Spacious 2 bedroom flat in a secure estate in Ajah lekki,2,2,Ajah,Orangedove Properties Ltd
"N180,000,000",Brand new 4 bedrooms penthouse & 3 bedrooms serviced apartments,4,4,"Lekki Phase 1, Lekki",Icebridge Homes
"N42,000,000","Apple Place Apartments, Lekki",3,3,"Beside Pinnock Estate (Opp. Aperton Residences), Agungi, Lekki",Prindex Properties
"N500,000,000",Luxury Five (5) Bedroom Apartment with Lekki - Ikoyi link bridge view,5,6,"Off Turnbull Road, Ikoyi",Space & Sphere
"N70,000,000",Exqusite 3 Bedroom Flat For Sale,3,3,"1004 Estate, Victoria Island",Island Luxury
"N840,000,000",Nice Upscale 3 Bed Apartment,3,3,Victoria Island,CWRE Lagos
"N69,000,000",Blue Water View 2 Bedroom Apartments,2,2,"Lekki Phase1, Lekki Phase 1, Lekki",Dlizz Properties
"N65,000,000","Dream Place, Lekki Phase 1",3,3,"Bisola Durosinmi-Etti Drive, Lekki Phase 1, Lekki",Prindex Properties
"N33,000,000",8 units of 2 bedroom ensuite serviced flat,2,2,"Idado Before Chevron Headoffice, Idado, Lekki",Gbenga Adenuga & Associates
"N32,000,000",Exquisitely Built 2 (Two) Bedroom Apartments With State Of The Art Finishing,2,2,"Chevron, Chevron Drive, Lekki",Icebridge Homes
"N28,000,000",Fully Serviced 2 Bedroom Apartment For Sale,2,2,"Lekki County, Ikota, Lekki",
"N65,000,000",Superbly Built 2 BEDROOM Apartment,2,2,"Osapa, Lekki",Nuville Realties Limited
"N32,000,000",2 Bedroom (Serviced Flat) Apartment,2,2,"Chevron Axis, Chevron Drive, Lekki",Jioram Resources
"N32,000,000",Units Of 2 Bedroom Apartments,2,2,"Chevron Axis,, Chevron Drive, Lekki",XLHomes
"N32,000,000",2 Bedroom Apartments,2,2,"Chevron, Chevron Drive, Lekki",ITJ Realtors
"N36,000,000",Luxury 2 bedroom fully serviced apartments,2,2,"Chevron, Chevron Drive, Lekki",Innerworkings Investment Limited
"N34,000,000",2 Bedroom Apartments For Sale!!,2,2,"Chevron, Chevron Drive, Lekki",De Uriels Empire
"N38,000,000",3 Bedroom Apartment With A Bq,3,3,"Idado/Agungi, Idado, Lekki",
"N34,000,000",Fully Finished 2 Bedroom Luxury Apartment,2,2,"Chevron Drive, Lekki",Edgeline Properties
"N47,000,000",2 Bedroom (Serviced) Flats,2,2,"Lekki Phase 1, Lekki",Jioram Resources
"N2,500,000,000",A Block Of Luxury Flats For Sale,3,3,"Old Ikoyi, Ikoyi",Elizabeth Han Services Limited
"N75,000,000",Classic 3 Bedroom Flat,3,3,"Behind Whitesands School , Lekki Phase 1, Lekki",Loyalty Property
"N140,000,000",Luxury Finished 4 Bedroom Penthouse Flat With Bq,4,4,"Behind Nike Art Gallery , Lekki Phase 1, Lekki",C.E.O Homes
"N12,500,000",Affordable Flat on the island for sale with Payment Plan,2,2,"Goldstone Estate, Sangotedo, Ajah",Mimshach Properties
"N165,000,000",Well Built Units Of 3 Bedroom Apartment With Bq,3,3,Ikoyi,Astroglobe Estates & Investment Limited
"N1,800,000,000","Misere Luxury Apartments,Gerald Rd, Ikoyi",3,3,"Gerald Road, Ikoyi, Ikoyi",Avitro Real Estate and Projects Limited
"N37,000,000",3 Bedrooms Luxury Apartments,3,3,"Osapa London, Osapa, Lekki",Diamond  Realtors
"N45,000,000",3 Bedroom (Serviced) Flats,3,3,"Illasan, Ikate, Lekki, Ikate Elegushi, Lekki",Jioram Resources
"N40,000,000",Luxury built 3 bedroom apartment,3,3,"Osapa London, Osapa, Lekki",Nerella Properties
"N180,000,000","3 Bedroom Luxury Flat with BQ, Swimming Pool & Gym",3,3,"In An Estate In Ikoyi, Ikoyi",Jioram Resources
"N130,000,000",3 Bedroom Serviced Luxury Flat with BQ & Swimming Pool & Gym,3,3,"Ikoyi Lagos, Ikoyi",Jioram Resources
"N180,000,000",New Deals! Reasonably Priced Waterfront 3 Bedrooms Apartment In Banana Island Estate @N180m!,3,3,"Banana Island Estate, Banana Island, Ikoyi",Luxury Bargains Market
"N32,000,000",Newly Built 2 Bedroom Flat With Open Plan Kitchen,2,2,"Chevron Axis , Lekki Expressway, Lekki",C.E.O Properties
"N32,000,000",Well Built 2 Bedroom Ensuite Flat,2,2,"Chevron , Chevron Drive, Lekki",Ambicorp International Ltd
"N32,000,000",Well built 2 bedroom block of flats,2,2,"Chevron Head Office , Chevron Drive, Lekki",Sure Properties
"N48,000,000",3 Bederoom Flat,3,3,"Osapa London, Osapa, Lekki",
"N40,000,000",3bedroom flat and 2bedroom flat,3,3,"Osapa London Lekki Fully, Osapa, Lekki",Royal Realtors Properties
"N65,000,000",Luxury 2 Bedroom Apartment With Excellent Finishing,2,2,"Axis Apartment, Lekki Phase 1, Lekki",Edgeline Properties
"N45,000,000",Brand New 2 Bedroom Apartment,2,2,"Lekki Phase 1, Lekki",XLHomes
"N55,000,000",2 Bedroomflat,2,2,"Mike Adegbite, Cove 1, Lekki Phase 1, Lekki",
"N60,000,000",2 Bedroom Maisionete At Lekki Phase 1,2,2,"Cove 2, Lekki Phase 1, Lekki",
"N45,000,000",For Sale 3 Bedroom Flat,3,3,"Lekki Ikate Axis Lagos , Ikate Elegushi, Lekki",Quince Realty Limited
"N450,000,000",Price Slash! Newly Built High End 4 Bedrooms Apartment + Pool + Gym Etc @N450m,4,4,"Off Banana Island Road, Ikoyi",Luxury Bargains Market
"N100,000,000",Well Maintained 4 Units Of 3 Bedroom Flats,3,3,"Allen Junction, Allen Avenue, Ikeja",Nobel & Company
"N75,000,000","Luxury 2 Bedroom Apartment Along Banana Island Road, Ikoyi",2,2,"Banana Island Road, Banana Island, Ikoyi",Deluxe Residences Ltd
"N20,000,000",2 Bedroom Luxury Flats For Sale,2,2,"Ilamoye-Isolo, Isolo",FA And Associates
"N75,000,000","Luxury 3 Bedroom Apartment With Boys Quarter Adjoining Eko Atlantic At Oniru, Vi",3,3,"Water Corporation Drive, Oniru, Victoria Island",Deluxe Residences Ltd
"N150,000,000",Blocks of flats for sale,3,3,"Onikoyi Estate, Off Banana Island , Ikoyi",Blessojer Nigeria Limited
"N46,000,000",2&3 bedrooms apartment for sale,2,2,"Lekki Phase1, Lekki Phase 1, Lekki",Loyalty Property
"N130,000,000",Newly Built 3 Bedroom Banana Island Apartments,3,4,"Banana Island, Ikoyi",
"N190,000,000",3 bedroom flat,3,4,"Temple, Ikoyi",Banksome Global Realtors
"N45,000,000",7 units of 3 bedroom flats tastefully finished for sale,3,3,"Chevy View Estate, Chevron., Chevron Drive, Lekki",Lekki Homes and Commercilas
"N50,000,000",Magnificently Finished & Serviced 2 Bedroom Flat with Bq,2,2,"Gated Estate, Not Far From The Road, Ikate Elegushi, Lekki",Spoton Realty and Construction
"N80,000,000",5 bedroom fully detached duplex with BQ,5,5,"Chevron, Chevron Drive, Lekki",Evening Primerose Realty
"N170,000,000",Well Built 3 Bedroom Flat With Bq,3,3,"Banana Island Road, Banana Island, Ikoyi",ITJ Realtors
"N48,000,000",3 Bedroom Flat,3,3,"Osapa London, Osapa, Lekki",Ambicorp International Ltd
"N27,000,000",Two bedroom apartment in Urban Prime four,2,3,"Lagos, Ajah, Abraham Adesanya, Abraham Adesanya, Ajah",
"N180,000,000",Fully Serviced 3 Bedroom Apartment With Bq,3,4,"Banana Island, Ikoyi",Wellpro Development and Real Estate
"N180,000,000",Luxury and fully serviced 3 Bedroom Flat with Bq,3,3,Ikoyi,Loyalty Property
"N170,000,000",3 Bedroom Flat with BQ (Fully Serviced),3,3,"Banana Island, Ikoyi",Jioram Resources
"N62,000,000","Contemporary Built luxury Serviced 3br Apartment, Lekki",3,4,"Marwa , Lekki Phase 1, Lekki",Stephens Aims Real Estate Ltd
"N85,000,000",Units Of 3 Bedroom Luxury Apartment,3,3,"V.I., Victoria Island",Avitro Real Estate and Projects Limited
"N140,000,000",Luxury 4 Bedroom Penthouse Flat With Maids Room,4,4,"Behind Nike Art Gallery Lekki, Ikate Elegushi, Lekki",C.E.O Properties
"N33,000,000",Brand new testfully built 2bedroom apartment for sale,2,2,"Chevron , Chevron Drive, Lekki",Overhplus Properties Limited
"N165,000,000","Luxurious 1,2&3 Bedroom Apartment",2,2,"Eko Atlantic Tower, Victoria Island",Avitro Real Estate and Projects Limited
"N35,000,000",3 Bedroom Apartment With Bq For Sale,3,4,"Cedars Court, Surulere",
"N36,000,000",2 Bedroom Apartments,2,2,"Lekki County, Ikota, Lekki",
"N27,000,000",2 Bedroom Flat For Sale,2,2,"Orchid, Chevron Drive, Lekki",MBA Properties and homes Nig enterprises
"N38,000,000",Classic 2 Bedroom Flat With Pool And Gym,2,2,"Off Pinnock Estate Road, Osapa, Lekki",Avitro Real Estate and Projects Limited
"N160,000,000",3 bedroom flat with a room BQ,3,3,"Banana Island, Ikoyi",ITJ Realtors
"N35,000,000",Units Of 2 And 3 Bedroom Flats,2,2,"Megamond Estate, Ikota, Lekki",De PrinceAccord Nig. Ltd
"N32,000,000",Luxury 2 Bedroom Flat with 24hrs Light in Ikota Lekki,2,2,"Ikota, Lekki",Euneva Properties
"N18,000,000",Exclusive 1 Bedroom Spacious Apartment,1,2,"1 Mins Drive From The Roundabout , Abraham Adesanya, Ajah",Tojek Properties
"N75,000,000","Lovely 3 Bedroom Apartment With A Room Bq , Swimming Pool And Elevator",3,3,"Lekki Phase 1, Lekki",Isi-Jayne Luxury Property
"N27,000,000",PROMO: Luxury 2 Bedroom Spacious Apartment,2,3,"Abraham Adesanya. Exclusive Location , Abraham Adesanya, Ajah",Tojek Properties
"N17,000,000",Cheapest Luxury 2 Bedroom Luxury Apartment Ever,2,3,"Awoyaya. In A Classy Area. , Awoyaya, Ajah",Tojek Properties
"N180,000,000",Luxuriously finished 3 Bedroom Flats in Ikoyi,3,3,"Banana Island Road , Ikoyi",Maxville Investment Inc
"N130,000,000",Luxury 3 Bedroom flats in Ikoyi,3,3,"Banana Island Road , Ikoyi",Maxville Investment Inc
"N130,000,000",Classic 3bedroom apartment in a strategic location,3,3,Ikoyi,Innerworkings Investment Limited
"N128,000,000","Luxurious 3br Serviced Apartment with a Bq, Gym,swimming Pool.",3,4,"Off Banana Island, Ikoyi",Stephens Aims Real Estate Ltd
"N140,000,000",3 Bedroom Flat Penthouse,3,3,"Osborne Phase2, Ikoyi",Elizabeth Han Services Limited
"N45,000,000",Luxury 6 Numbers Of 3 Bedroom Flats,3,3,"Ilasan Off Prince Olanrewaju Elegushi Road, Ikate Elegushi, Lekki",Globak homes
"N130,000,000",Most Affordable Modern Luxury Well Built 3 Bedroom Flat,3,3,"Banana Island Axis, Banana Island, Ikoyi",Icebridge Homes
"N90,000,000",Luxury 3 Bedroom Flat With Bq,3,3,"Lekki Phase 1, Lekki",Elizabeth Han Services Limited
"N33,000,000",New 3 Bedroom Flat Apartment in Surulere With Parking Space for 3 Cars,3,3,"Off Adetunji Road, Aguda , Surulere",Choice Property
"N130,000,000","Luxury Brand New 3 Bedroom Flat for Sale in Abacha Estate, Ikoyi",3,3,"Abacha Estate, Ikoyi",Rosemond Hills Limited
"N85,000,000",3 Bedroom Flat is now available for Sale in Park-view Estate Ikoyi with,3,3,"Parkview Estate, Ikoyi",Rosemond Hills Limited
"N47,000,000",Modern 2 Bedroom Apartment.,2,2,"Lekki Phase 1, Lekki",Luglio Real Estate
"N33,000,000",Newly completed 3 bedroom flat for sale,3,3,"Ikate, Ikate Elegushi, Lekki",F.T.A Global Resources
"N45,000,000",Brand New Contemporary 3 Bedroom Apartment For Sale,3,3,"Ikate, Ikate Elegushi, Lekki",Icebridge Homes
"N40,000,000",Fully Serviced 3 Bedroom Flat With Excellint Finishing,3,3,"Ikate , Ikate Elegushi, Lekki",Icebridge Homes
"N110,000,000",Newly Completed Apartments,3,4,"Park View Estate, Parkview Estate, Ikoyi",
"N180,000,000",Luxury 3 Bedroom Apartment With A Room Bq,3,3,"Banana Island, Ikoyi",XLHomes
"N130,000,000",Luxury 3 Bedroom Apartment With A Room Bq,3,3,"Banana Island, Ikoyi",XLHomes
"N78,000,000",Luxury Brand New 3 Bedroom Flat for Sale in Lekki Phase 1,3,3,"Lekki, Lekki Phase 1, Lekki",Rosemond Hills Limited
"N62,700,000",2 Bedroom Luxury Flat inside Lekki Phase 1,2,2,"In A Serviced Estate In Lekki Phase 1, Lekki Phase 1, Lekki",Jioram Resources
"N90,000,000",Distress vendor,2,3,"Banana Island, Ikoyi",
"N45,000,000",Luxury 2 Bedroom Spacious Apartment. Good For Shortlets. 2nd Lekki Roundabout,2,3,"2Nd Lekki Roundabout , Ikate Elegushi, Lekki",Tojek Properties
"N130,000,000",4 Numbers Of 3 Bedroom Flat,3,3,"Omole Phase 2, Omole, Ikeja",Terminax Union Ltd
"N20,000,000",2 Bedroom Luxury Flats For Sale,2,2,"Ilamoye-Isolo, Isolo",FA And Associates
"N165,000,000",Stylish 3 Bedroom Apartment,3,3,"Banana Island, Ikoyi",Wren Regent Properties Limited
"N65,000,000",Luxury 6 Units of 3 Bedrooms Flats,3,4,"Ilasan, Ikate Elegushi, Lekki",William & Partners
"N28,000,000",3 Bedroom Block Of Flat,3,3,"Adekunle, Yaba",Wellpro Development and Real Estate
"N80,000,000",Serviced 3 Beroom Apartment With Private Elevator,3,3,"Ikate, Ikate Elegushi, Lekki",Cresco Homes and Properties
"N80,000,000",Classic 3 bedroom flat in a strategic location,3,3,"Oniru, Victoria Island",Innerworkings Investment Limited
"N50,000,000",Upscale 1 Bedroom Apartment,1,1,"Lekki, Lekki Phase 1, Lekki",CW Real Estate
"N65,000,000",Newly completed 3 bedroom flat for sale,3,3,"Oniru, Victoria Island",F.T.A Global Resources
"N25,000,000","Units Of 1,2&3 Bedroom Apartments",2,2,"Orchid Road, Chevron Drive, Lekki",Ntonia Properties
"N70,000,000",Luxury 3 Bedroom Apartment with Bq,3,4,"Nike Art Gallery, Lekki Phase 1, Lekki",Space & Sphere
"N53,000,000",Superbly Built 2 & 3 Bedroom Apartment,2,2,"Freedom Way, Lekki Phase 1, Lekki",Yebellz Enterprise
"N68,000,000",Brand New 2Bedroom Flat With A Bq In Lekki Phase 1,2,2,"Lekki, Lekki Phase 1, Lekki",Joshdan Realtors
"N80,000,000",Brand New 3 Bedroom Flat for sale in Lekki Phase 1 Lagos.,3,3,"Lekki Phase 1, Lekki",Rosemond Hills Limited
"N95,000,000",3 Bedroom Apartment,3,3,"Lekki Phase 1, Lekki",Yebellz Enterprise
"N27,000,000",Stunning 2 Bedroom Apartment,2,2,"Abraham Adesanya, Ajah",Real Estate Matchmakers
"N150,000,000",Contemporary Finished 3 Bedroom Flat With Bq,3,3,"Shoreline Estate, Ikoyi",Avitro Real Estate and Projects Limited
"N85,000,000",Waterfront Executive Brand New 3 Bedroom Flat for Sale in Oniru,3,3,"Oniru, Victoria Island",Rosemond Hills Limited
"N38,000,000","Units Of 1,2 &3 Bedroom Apartment",2,2,"Ikate, Ikate Elegushi, Lekki",HTH Annepearl Ltd
"N130,000,000",Massive Four (4) Bedrooms Pent Apartment with Bq,4,5,"Nike Art Gallery , Lekki Phase 1, Lekki",Space & Sphere
"N180,000,000",Newly 3 Bedroom Flat With Bq,3,3,"Cooper Road, Ikoyi",Avitro Real Estate and Projects Limited
"N68,000,000",Contemporary 2 Bedroom Apartment,2,2,"Lekki Phase 1, Lekki",Times Homes Realtors
"N140,000,000",Luxury 3 Bedroom Apartment With Bq,3,3,"Off Alexander Avenue, Ikoyi",Dolphin Shelters
"N55,000,000",Lovely 3 Bedroom Apartment With Bq,3,3,"Oregun, Ikeja",Yebellz Enterprise
"N120,000,000",Luxurious Waterfront Apartments and a Pent House,4,5,"Lekki Phase 1, Lekki",Northpoint Realty Homes
"N75,000,000","Ivy Suite - Maisonette Terrace, Ogudu GRA Ikeja",3,4,"Ogudu Gra, Alausa, Ikeja",ATOBE Construction Company Limited
"N38,000,000","Luxury 3 Bedroom flats with Bq in an Estate in Agungi, lekki",3,3,"Ajiran Road, Agungi, Lekki",Maxville Investment Inc
"N11,000,000",Tastefully finished One (1) Bedroom Apartment,1,2,"Abijo, Lekki Phase 2, Lekki",Space & Sphere
"N28,000,000",Top Notch 2 Bedroom Flat For Sale,2,2,"Orchid Road, Lafiaji, Lekki",Durock Environ Concept
"N1,330,000,000",5 Bedroom Furnished And Unfurnished Penthouse Apartment,5,5,Victoria Island,Island Luxury
"N30,000,000",Fully Serviced 2 Bedroom Flat With Excellent Finishing,2,2,"Ikota, Lekki",Icebridge Homes
"N13,950,000",Lovely 3 Bedroom Apartment,3,3,"Oribanwa, Ajah",Terminax Union Ltd
"N65,000,000",4 bedroom LUXURY at LEKKI,4,5,"Lekki, Lekki Phase 2, Lekki",ITJ Realtors
"N89,000,000",Newly Built Studio Apartment,1,2,"Osbourne, Lagos Island",
"N110,000,000",Newly Completed Serviced 3 Bedroom Apartments With Bq,3,3,"Parkview Estate, Ikoyi",Dolphin Shelters
"N80,000,000",Lovely Built 3 Bedroom Flat,3,4,"Lekki , Lekki Phase 1, Lekki",Northpoint Realty Homes
"N27,000,000","Units Of 1,2&3 Bedroom Apartments",2,2,"Abraham Adesanya Road, Abraham Adesanya, Ajah",Exclusive Realtors and Properties
"N30,000,000",Luxury 1 bedroom flat,1,1,"Lekki, Ikate Elegushi, Lekki",Odogwu Property & C.O
"N25,000,000",Tastefully Finished 2 Bedroom Apartment,2,2,"Orchid Hotel Road, Chevron Drive, Lekki",Teewhy Properties
"N45,000,000",2 Bedroom Flat,2,2,"Ikate Bus Stop, Lekki Phase 1, Lekki",Emat Properties
"N62,700,000",Spacious 2 Bedroom Flats,2,2,"Lekki Phase 1, Lekki",Icebridge Homes
"N240,000,000",3 Bedroom Maisonettes + 3 Bedroom Flats + Studio Apartment,3,4,"Misere Luxury Estate, Gerald Road, Ikoyi",Wellpro Development and Real Estate
"N25,000,000",2 Bedroom Flat,2,3,"Orchid Hotel Road, Chevron Drive, Lekki",
"N25,000,000",Spacious 2 Bedroom Apartment,2,2,"Chevron Tollgate, Chevron Drive, Lekki",Leadhomes luxury and apartments
"N47,000,000","Newly Built 2Bedroom Flat all ensuite with a store, Guest toilet and fitted kitchen in Ikate. N47m",2,2,"Ikate-Elegushi, Lekki, Lagos, Ikate Elegushi, Lekki",EKO Criterion Consultancy Services
"N30,000,000",Contemporary open kitchen 2 bedrooms luxury apartments,2,3,"Off Lekki-Epe Expressway Inside A Close , Osapa, Lekki",Spoton Realty and Construction
"N49,000,000",Lovely 3 Bedroom Terrace Houses,3,3,"Abraham Adesanya, Ajah",Arkbricks Realtors Limited
"N29,500,000",3 Bedroom Terrace With Bq,3,3,"Abijo, Ajah",Arkbricks Realtors Limited
"N38,000,000",Serviced 2 Bedroom Apartment with Good Amenities,2,3,"Brookes Court, Osapa Lekki, Osapa, Lekki",Joossa Realtors
"N80,000,000",Luxury 6 Units Of 3 Bedroom Flat & 2 Units Of 4 Bedroom Penthouse,3,3,"Oniru, Victoria Island",Jason Buttons Realty
"N65,000,000",Luxury Brand New 3 Bedroom Flat for Sale in Oniru,3,3,"Oniru, Victoria Island",Rosemond Hills Limited
"N135,000,000",4 Bedroom luxurious Apartment with Bq,4,4,"Lekki, Lekki Phase 1, Lekki",Yebellz Enterprise
"N43,000,000",Serviced 3 Bedroom Apartment with Good Amenities,3,4,"Brookes Court, Osapa , Osapa, Lekki",Joossa Realtors
"N35,000,000",Urban Prime Three(3)Annex,2,2,"Abraham Adesanya, Off Ogombo Road, Right Across Urban Prime Three, Ajah",Paradise Realty
"N159,000,000",Units Of 2 And 3 Bedroom Flats,3,3,"Bourdillon Road, Ikoyi",
"N37,000,000",Lovely Fully furnished 1br short let for sale.,1,2,"Lekki, Ikate Elegushi, Lekki",Stephens Aims Real Estate Ltd
"N20,000,000",Lovely Studio Apartment With Fitted Kitchen,1,1,"Pine Court, Osapa, Lekki",MS Realtors
"N419,000,000",Newly Built Luxury 3 Bedroom Apartment,3,4,"Bourdillon, Ikoyi",
"N27,000,000","Units Of 1,2 &3 Bedroom Apartment",2,2,"Abraham Adesanya, Ajah",Teewhy Properties
"N200,000,000",Upscale 4 Bedroom Penthouse,4,4,"Vi, Oniru, Victoria Island",CWRE Lagos
"N55,000,000",Classic 3 Bedroom Flat For Sale With Bq,3,3,"Lekki Right Side, Lekki Phase 1, Lekki",Terminax Union Ltd
"N70,000,000",Modern 3 Bedroom Apartment.,3,3,"Lekki Right, Lekki Expressway, Lekki",Luglio Real Estate
"N152,000,000",Luxury 3 Bedroom Apartment with 2 Sitting Rooms and Bq,3,4,"Off Banana Island Road, Ikoyi",Space & Sphere
"N49,000,000",Serviced 4 Bedroom Apartment with Good Amenities,4,5,"Brookes Court, Lekki, Osapa, Lekki",Joossa Realtors
"N25,000,000",Newly Built 2 Bedroom Apartments For Sale,2,2,"Orchid Road, Ikota, Lekki",JOA Homes
"N200,000,000",Modern 4 Bedroom Flat,4,5,"Thompson Avenue, Ikoyi",
"N65,000,000",Lovely 3 Bedroom Flat Vacant For Sale,3,3,"Behind High Court Ikeja Gra, Ikeja G.R.A, Ikeja",Globak homes
"N25,000,000",Two(2) Bedroom Apartment For Sale,4,4,"Orchid Hotel Road, Lekki , Chevron Drive, Lekki",Paradise Realty
"N63,000,000",Premium 3 Bedroom Apartment,3,3,"Ikate, Ikate Elegushi, Lekki",CW Real Estate
"N200,000,000",Luxury Fully Serviced 4 Bedroom Apartment with Bq,4,5,"Old Ikoyi, Ikoyi",Space & Sphere
"N32,000,000",20years Payment Plan 2bedroom Apartment Ikate Lekki Phase1,2,3,"Ikate, Lekki Phase 1, Lekki",Mcdedict Homes Limited
"N45,000,000",3Bedroom Maisonette in a Mini Estate at Igbosuku by Ikate.,3,3,"Igbosuku, By Nicon Town, Before Shoprite, At Jakande., Ikate Elegushi, Lekki",EKO Criterion Consultancy Services
"N130,000,000",3 Bedrooms + 1 Bq Blocks Of Flat,3,3,Ikoyi,Verified properties Limited
"N45,000,000",Luxury 3 Bedroom Apartments,3,3,"Lekki Phase 1, Lekki",CW Real Estate
"N720,000,000",Luxury 8 Units Of 3 Bedroom Block Of Flat,3,3,"Off Admiralty Way, Lekki Phase 1, Lekki",Ubosi Eleh And Co
"N22,000,000","Blocks Of 1,2&3 Bedroom Apartment",3,3,"Inside Abijo Gra. 4 Minutes’ Drive From Novare Mall (Shoprite Sangotedo), Abijo, Ajah",De Uriels Empire
"N130,000,000",Newly Built 4 Bedroom Apartment,3,3,Ikoyi,CWRE Lagos
"N37,000,000","Phoenix Apartments, Surulere",3,3,"Aguda Surulere, Lagos Nigeria , Aguda , Surulere",Paradise Realty
"N600,000,000",Luxury 3 Bedroom Apartment,3,4,Ikoyi,CWRE Lagos
"N150,000,000",Premium 3 Bedroom Apartment,3,4,Ikoyi,CWRE Lagos
"N150,000,000",Premium 3 Bedroom Apartment,3,3,Ikoyi,CWRE Lagos
"N55,000,000",Premium 1 Bedroom Apartment,1,1,"Banana Island Road, Ikoyi",CWRE Lagos
"N85,000,000",Premium 2 Bedroom Apartment,2,2,"Banana Island Road, Ikoyi",CWRE Lagos
"N90,000,000",1004 four bedroom apartment,4,5,"1004, Victoria Island",Island Luxury
"N55,000,000",3 Bedroom Maisonette For Sale,3,3,"Near Whitesand School, Lekki Phase 1, Lekki",
"N250,000,000",Premium 4 Bedroom Pent House,4,4,"Old Ikoyi, Ikoyi",CWRE Lagos
"N130,000,000",Luxury 3 Bedroom Apartment,3,3,"Onikoyi, Ikoyi",CWRE Lagos
"N115,000,000",Nice 2 Bedroom Apartment,2,2,"Banana Island Road, Banana Island, Ikoyi",CWRE Lagos
"N220,000,000",Luxuriously Finished Brand New 4 Bedroom Apartment,4,4,"Off Alexandra Street, Ikoyi",Andysean Global Concept Limited
"N150,000,000",Spacious 3 Bedroom Apartment With Bq,3,3,"Banana Island, Ikoyi",Leadhomes luxury and apartments
"N190,000,000",Luxury 3 Bedroom Apartment For Sale,3,3,Ikoyi,Cresco Homes and Properties
"N130,000,000",Newly Built 3 Bedroom Apartment In Ikoyi,3,3,"Old, Ikoyi",Island Luxury
"N420,000,000",Luxury 3 Bedroom Apartment with Excellent Amenities,3,4,"Bella Vista Towers, Banana Island, Ikoyi",Joossa Realtors
"N55,000,000","Spacious and well ventilated apartments, terraces and semi-detached duplexes",4,4,"Abraham Adesanya, Ajah",Verified properties Limited
"N25,000,000",Tastefully Finished 2 Bedroom Apartment,2,2,"Chevron, Chevron Drive, Lekki",Wellpro Development and Real Estate
"N180,000,000",Brand New 4 Bedroom Flat,4,4,"Old Ikoyi , Ikoyi",Island Luxury
"N35,000,000",Luxury 2 Bedroom Apartment,2,3,"Ikate Elegushi, Lekki",CW Real Estate
"N68,000,000",2 & 3 Bedroom Luxury Water front Condos,2,2,"Lekki Phase 1, Lekki",CW Real Estate
"N28,000,000",Serviced One Bedroom Apartment with Good Amenities,1,2,"Off Circle Mall Road, Osapa, Osapa, Lekki",Joossa Realtors
"N95,000,000",Luxurious 3 Bedroom Flat,3,3,"Maryland, Ikeja",Yebellz Enterprise
"N900,000,000",4 Bedroom Penthouse With Bq,4,5,"Bourdillon, Ikoyi",Wellpro Development and Real Estate
"N17,200,000,000",Newly Built Highrise Aprtments For Sale,3,3,"Old, Ikoyi",Island Luxury
"N250,000,000",Luxurious 4 Bedroom Apartment For Sale,4,4,"Old, Ikoyi",Island Luxury
"N60,000,000",Premium 1 Bedroom Apartment,1,1,"Vi, Victoria Island",CWRE Lagos
"N95,000,000",Newly Built 3 Bedroom Apartment,3,3,"Lekki Phase 1, Lekki",CW Real Estate
"N70,000,000",Newly Built 3 Bedroom Apartment,3,3,"Lekki Phase 1, Lekki",CW Real Estate
"N288,000,000",Upscale 2 Bedroom Apartment,2,3,"Eko Atlantic, Victoria Island",CWRE Lagos
"N1,800,000,000","Misere Luxury Apartments,Gerald Rd, Ikoyi",3,3,"Gerald Road, Ikoyi, Ikoyi",Avitro Real Estate and Projects Limited
"N600,000,000",Premium 3 Bedroom Highrise Apartment,3,4,Victoria Island,CWRE Lagos
"N80,000,000",Luxury 2 Bedroom Apartment,2,2,"Vi, Victoria Island",CWRE Lagos
"N15,000,000","Block Of 1,2 & 3 Bedroom Apartments,Terraces And Bungalows",2,2,"Abijo Gra, Abijo, Ajah",Brickmakers Real Estate Company
"N275,580,000",Luxurious 2 Bedroom Apartment For Sale,2,2,"Eko Atlantic City,, Victoria Island",Island Luxury
"N65,000,000",Spacious 3 Bedroom Apartment With Bq,3,3,"V.I., Victoria Island",Leadhomes luxury and apartments
"N35,000,000","Beautiful Fully Serviced 1,2&3 Apartments",1,1,"Lekki Phase 1, Lekki",Evening Primerose Realty
"N5,000,000",Furnished 2 Bedroom Serviced With Power,2,2,"4Th Round About By Enyo Filling Station , Ikate Elegushi, Lekki",C.E.O Properties
"N100,000,000",Luxury 3 Bedroom Apartment For Sale At Vi,3,3,"Louis Solomon Close Off Ahmadu Bello Way, Victoria Island",Deluxe Residences Ltd
"N45,000,000",Lovely 3 Bedroom Serviced Apartment Plus a Maid'S Room,3,4,"Off Kunsela Road, Ikate Elegushi, Lekki",Joossa Realtors
"N110,000,000",New 3 Bedroom Apartment,3,4,"Queens Drive, Ikoyi",
"N150,000,000",Modern 3 Bedroom Apartment.,3,3,"Banana Island, Ikoyi",Luglio Real Estate
"N130,000,000",New Luxury 2 Bedroom Waterfront Apartment,2,3,"3Rd Avenue, Banana Island, Ikoyi",
"N450,000,000",5 Bedroom Penthouse For Sale,5,5,"Old, Ikoyi",Island Luxury
"N180,000,000",Newly Built 4 Bedroom Apartment,4,4,Ikoyi,CWRE Lagos
"N95,000,000","4Bedroom Terrace House in a gated estate at Victoria Island Extension, with Pool, Gym, etc.",4,4,"Dideolu Estate, Oniru, Oniru, Victoria Island",EKO Criterion Consultancy Services
"N44,000,000",Tastefully Finished and Strategically possitioned 3 Bedroom Luxury Flat @ Ikate Elegushi,3,4,"Ikate Elegushi Close To Lekki Phase1 , Ikate Elegushi, Lekki",Property Last  Bus Stop
"N1,300,000,000",Luxurious Penthouse Apartment For Sale,4,4,"Gerrard Road , Ikoyi",Island Luxury
"N70,000,000",3 Bedroom Apartment,3,3,"Lekki Phase 1, Lekki",Osekemi Properties Nig Lt
"N1,900,000,000",Banana Island blocks of flats,4,4,"Banana Island, Ikoyi",Andysean Global Concept Limited
"N23,000,000",Lovely 2 Bedrom Flat Apartment,2,2,"Ikota, Lekki",Henshodeg Properties
"N115,000,000",Sharp And Spacious 3 Bedroom Flat On 5Th Floor,3,3,"Old Ikoyi, Ikoyi",Wellpro Development and Real Estate
"N22,000,000",Luxury 3 Bedroom Apartment On The Mainland,3,3,"Orchard Place, Akowonjo,, Ikeja , Ikeja",Invalays Investment Nig Ltd
"N35,000,000",Tasteful Miniflat,1,1,"Oniru Extention, Oniru, Victoria Island",Jasat Realty
"N24,000,000",Lovely 2 Bedroom Luxury Apartment (Penthouse),2,2,"Sangotedo, Ajah",Brixmound Consult & Designs
"N110,000,000",Distres sale flats,4,5,"Off Bourdillon Road, Ikoyi",
"N33,000,000",Luxury 3 Bedroom Flast For Sale In Surulere,3,3,"Troy Court,, Aguda , Surulere",Invalays Investment Nig Ltd
"N180,000,000",Newly Built Finished 3 Bedroom Serviced Flat For Rent,3,4,"Banana Island, Ikoyi",Success Property & Co
"N10,892,250",1 Bedroom Bungalow For Sale,1,1,"Beechwood Park, Bogije, Ibeju Lekki, Ajah",JOA Homes
"N3,000,000,000",8 units of furnished 4 bedroom apartment,4,4,"Park View Estate, Parkview Estate, Ikoyi",Island Luxury
"N1,218,000,000",Fully furnished waterfront all rooms en-suite 4 bed apartment with lawn tennis squash and pool,4,4,"Residential Zone, Banana Island, Ikoyi",Island Luxury
"N155,000,000",Massive 3 Bedroom Flat With Maid Room,3,3,"Onikoyi , Ikoyi",Wellpro Development and Real Estate
"N850,000,000",Luxury Serviced Maisonette And Apartment For Sale,4,4,"Sogbesan Close, Oniru, Victoria Island",The Address Homes
"N125,000,000",Well Finished 3 Bedroom Apartment,4,3,"Banana Island Road, Ikoyi",Wellpro Development and Real Estate
"N55,000,000",Lovely 3 Bedroom Terrace,3,3,"Ochid Road, Chevron Drive, Lekki",Wellpro Development and Real Estate
"N65,000,000",24 Units 3 Bedroom Blocks Of Flat,3,3,"Oniru, Victoria Island",Ubosi Eleh And Co
"N25,000,000",Newly Built 24 Units of 3 Bedroom Apartments,3,4,"Golden Park Estate, Sangotedo, Ajah",Jide Taiwo & Co
"N60,000 per day",Comfort zone,2,2,"Christ Avenue , Lekki Phase 1, Lekki",
"N6,500,000",Luxury And Tastefully Finished Mini Flats,1,1,"Ogombo, Ajah, Ajah",Jerman Ventures Co Ltd
"N35,000,000",New 2 & 3 Bedroom Apartments,2,3,"Pinnock Beach , Jakande, Lekki",
"N300,000,000","Luxuriously Finished 6 Bedroom Maisonette with a Pent House with Swimming Pool, Elevator and Pent House Relaxation Spot",6,7,"Onikoyi Off Banana Island Road, Ikoyi",Stephens Aims Real Estate Ltd
"N48,000,000",Premium 2 Bedroom Apartment,2,3,"Lekki Phase 1, Lekki",CW Real Estate
"N150,000,000",Brand New Water Front 3 Bedroom Flat for Sale at Mojisola Onikoyi Ikoyi Lagos.,3,3,"Mojisola Onikoyi Ikoyi Lagos, Ikoyi",Rosemond Hills Limited
"N100,000,000",Luxury 3 Bedroom Apartment For Sale,3,3,"Lekki Phase 1, Lekki",CW Real Estate
"N28,000,000","3 bedroom Flat in Ikosi, Alapere, Ketu.",3,3,"Ikosi G.R.A Iv, Continental Road, Off Ikosi Road, Ikosi , Ketu",Rawlings Ehumadu & Co.
"N160,000,000",3 Bedroom Premium Apartment,3,3,Ikoyi,CWRE Lagos
"N55,000,000",2 Bedroom Luxury Flat (High Rise),2,2,"Lekki Phase 1, Lekki",Jioram Resources
"N48,000,000",2 Bedroom Apartment,2,3,"Ikate, Ikate Elegushi, Lekki",CW Real Estate
"N125,000,000",3 Bedroom Luxury Apartment with a Service Quarters,3,3,Ikoyi,Underwood Homes
"N70,000,000",Serviced 3 Bedroom Flat For Sale In Ikeja Gra,3,3,"Ikeja Gra, Ikeja G.R.A, Ikeja",Hassan B. Hassan & Associates
"N32,000,000",Units Of 3 Bedroom Apartment,3,3,"Oral Estate, Ikota, Lekki",Olawale Jordan Company
"N30,000,000",Lovely 2 Numbers Of 2 Bedroom Flat,2,2,"Okunola Area, Egbeda, Agege",Femi Akinlusi and Co
"N200,000,000",3 Bedroom Flat For Sale On Gerard Road Ikoyi,3,4,"Gerrard , Ikoyi",
"N6,500,000,000",24 Units Of 3 Bedroom Luxury Apartment,4,3,"Behind Megamound Estate, Lekky County Homes. , Ikota, Lekki",Wellpro Development and Real Estate
"N500,000,000",6 Units Of 3 Bedroom Flats For Sale,3,3,"Off Admiralty, Lekki Phase 1, Lekki",Island Luxury
"N75,000,000","Luxury 3 Bedroom Apartment Along Water Corporation Drive, Oniru, Victoria Island",3,3,"Water Corporation Drive, Oniru, Victoria Island",Deluxe Residences Ltd
"N140,000,000",Distress sales,3,3,"2Nd Avenue, Banana Island, Ikoyi",
"N341,000,000",3 Bedroom Luxury Serviced Apartment,3,4,Ikoyi,Rawlings Ehumadu & Co.
"N150,000,000",3 Bedroom Luxury Flat (Serviced) with BQ & Swimming Pool,3,3,"Close To Banana Island, Ikoyi, Banana Island, Ikoyi",Jioram Resources
"N79,500,000",5 bedroom semi detached house for sale,5,5,"Lafiaji, Lekki",Ben Chika and Co
"N8,000,000",3 Bedroom Flat for sale,3,2,"Odonla, Ikorodu, Ikorodu Road",Nobel & Company
"N40,000,000",4 Bedroom Terrace Duplex - Creek Avenue Court,4,4,"Creek Avenue Court, Ikota, Ikota, Lekki",Edgeline Properties
"N60,000,000",Luxury 3 Bedroom Flat,3,3,"Adeniyi Jones Ikeja , Ikeja , Ikeja",Wellpro Development and Real Estate
"N31,000,000",Premium 2 Bedroom Apartment,2,3,"Ilasan, Lekki Expressway, Lekki",CW Real Estate
"N583,000,000",Penthouse for Sale in Ikoyi,4,4,Ikoyi,Rawlings Ehumadu & Co.
"N210,000,000",3 Bedroom Luxury Serviced Apartment for Sale in Victoria Island,3,4,"Vita Towers, Kofo Abayomi Street, Victoria Island, Victoria Island",Rawlings Ehumadu & Co.
"N75,000,000",Exquisitely luxury 3 bedroom block of flats with BQ and swimming pool for sale,3,3,"Oniru Estate Victoria Island , Victoria Island",IB Properties Investment Limited
"N25,000,000",3 Bedroom Flat for Sale,3,4,"Lekki Expressway, Lekki",Rawlings Ehumadu & Co.
"N308,000,000",4 Bedroom Luxury Serviced Apartment for Sale in Victoria Island,4,5,"Vita Towers, Kofo Abayomi Street, Victoria Island, Victoria Island",Rawlings Ehumadu & Co.
"N270,000,000",Fresh Luxury 3 Bedroom Apartments - 0% Mortgage Option- From $/Negotiable,3,4,"Eko Atlantic City, Victoria Island",Joossa Realtors
"N30,000,000",8 unit of 3 Bedroom Ensuite Luxury Apartment at yaba,3,3,"Yaba, Akoka, Yaba",IOA Infinite Service
"N90,000,000",Upscale 2 Bedroom Apartment,2,3,"Parkview Estate, Ikoyi",CWRE Lagos
"N150,000,000",4 Bedroom Upscale,4,5,"Old Ikoyi , Banana Island, Ikoyi",CWRE Lagos
"N45,000,000",Three bedroom ensuite plus BQ ikate Lekki 1,3,3,"Ikate, Ikate Elegushi, Lekki",IOA Infinite Service
"N45,000,000","3 Bedroom Flat for sale in Ikate, Lekki, Lagos.",3,4,"Ikate, Ikate Elegushi, Lekki",Quolar Global Services
"N130,000,000",Brand New Luxury 3 Bedroom Apartment,3,3,"Banana Island, Ikoyi",Dolphin Homes & Investments
"N15,000,000",Units Of 3 Bedroom Fully Detached Apartment,3,3,"Bogije , Ibeju Lekki, Ajah",
"N145,000,000",Brand New 3 Bedroom Apartment,3,3,"Banana Island, Ikoyi",Dolphin Shelters
"N100,000,000",3 Bedroom flat apartment for Sale.,3,3,"Awolowo Road, Ikoyi",
"N245,000,000",Luxury 3 Bedroom Apartment,3,4,"Eko Atlantic , Victoria Island",
"N70,000,000",Luxury 3 Bedroom Flats For Sale,3,3,"Along Water Corporation Road, Oniru, Victoria Island",Dolphin Homes & Investments
"N95,000,000",Lovely 3 Bedroom Flats Apartment,3,3,"Park View Estate , Parkview Estate, Ikoyi",Dolphin Homes & Investments
"N75,000,000",4 Bedroom Serviced Apartment,4,4,"Ikate Elegushi, Lekki",Rawlings Ehumadu & Co.
"N30,000,000",Block Of 2 And 3 Bedroom Flats,2,2,"Ketu Alapere, Alapere, Ketu",Gbenga Adenuga & Associates
"N45,000,000",Classic 3 Bedroom Apartment,3,3,"Ikate, Ikate Elegushi, Lekki",Dupson Realty Limited
"N25,000,000",Fully Finished Two Bedroom Apartment,2,2,"Chevron Toll Gate, Orchid Hotel, Ikota, Lekki",Edgeline Properties
"N550,000,000",Super Luxury 3 Bedroom Apartment With Bq,3,3,"Alexander Road, Ikoyi",SOLIDWALLS PROPERTIES LIMITED
"N65,000,000",Newly Built And Spacious 3 Bedroom Apartment,3,4,"Palace , Oniru, Victoria Island",
"N75,000,000",A Well Finished Newly built 3bedroom For Sale.,3,3,"Lawal Odunleye Street,Oniru., Oniru, Victoria Island",SOLIDWALLS PROPERTIES LIMITED
"N60,000,000",Tastefully finished and fully furnished 2bedroom Penthouse for Sale.,2,2,"Off Palace Road, Oniru, Victoria Island",SOLIDWALLS PROPERTIES LIMITED
"N55,000,000",Brand new luxury 3 bedrooms block of flats with BQ for sale at oniru estate,3,3,"Oniru Victoria Island Lagos State , Oniru, Victoria Island",IB Properties Investment Limited
"N270,000,000",Very Beautify Newly Built 3 Bedroom Furnished Terrace Apartment,3,3,"Banana Island, Ikoyi",Wellpro Development and Real Estate
"N150,000,000",Brand New 3 Bedroom Apartment,3,3,"Banana Island, Ikoyi",Dolphin Homes & Investments
"N140,000,000",4 bedroom semi detached house with one room BQ,4,5,"Oniru, Victoria Island",Arrd Properties
"N35,000,000","3 Units Of 3 Bedroom Flats For Sale At Atlantic View Estate, Lekki",3,3,"Atlantic View, Lekki Expressway, Lekki",Ubosi Eleh And Co
"N145,000,000",3 Bedroom Luxury Serviced Apartment for Sale in Banana Island,3,3,"Bayview Apartments, Banana Island, Ikoyi., Banana Island, Ikoyi",Rawlings Ehumadu & Co.
"N350,000,000",Luxury Waterfront Apartments,4,4,"1St Avenue, Banana Island, Ikoyi",
"N16,675,000","Apartments - Lakowe, Ibeju – Lekki, Lagos From ?16.675M",2,2,"Lakowe, Ibeju Lekki, Ajah",N.I.D Project & Asset Managers
"N250,000,000",OFF PLAN OFF PLAN INVESTMENT AT 2nd AVENUE APARTMENT,3,3,"Banana Island, Ikoyi",IB Properties Investment Limited
"N29,000,000",Fantastically well finished 3 and 2 bedrooms block of flat house for sale,3,3,"Oral Estate, Chevron Drive, Lekki",IB Properties Investment Limited
"N65,000,000",10 blocks 3bedrooms flats,3,3,"Irepolodun Street Akinyode Ojodu Ogba Ikeja Lagos , Ojodu, Ikeja",Batundetech Properties Limited
"N70,000,000",Tastefully Finished Newly Built 3 Bedroom Flat,3,3,"Lawani Oduloye Street, Oniru, Victoria Island",SOLIDWALLS PROPERTIES LIMITED
"N50,000,000",Units Of One Bedroom Apartment,1,1,"Taiye Olowu Street, Off Victoria Arobieke Street,, Lekki Phase 1, Lekki",The Address Homes
"N100,000,000",6 Units Of Super Luxury 3 Bedroom Flats,3,3,"Shonibare Estate, Maryland, Ikeja",
"N70,000,000",Luxury and classy 3 bedrooms serviced flat with en-suite BQ,3,4,"Serviced Luxury Flats Lekki Phase 1, Lekki Phase 1, Lekki",Spoton Realty and Construction
"N150,000,000",Tastefully finished and Newly built 3 bedroom flat with a room servant quarter for sale,3,4,"Banana Island Off Nasarawa Street, Banana Island, Ikoyi",SOLIDWALLS PROPERTIES LIMITED
"N1,900,000,000",14 Flat fully Serviced Flat,14,14,"Marina Road, Oniru, Victoria Island",Batundetech Properties Limited
"N80,000,000",Luxuriously finished and self serviced 3 Bedroom Flats in Lekki Phase 1,3,4,"Off Hakeem Dickson , Lekki Phase 1, Lekki",Maxville Investment Inc
"N134,400,000",Luxury 2 And 3 Bedroom Flats And Duplex Apartments,2,2,"Okotie Eboh Street, Ikoyi",Olawale Jordan Company
"N45,000,000",3 Bedroom with and without 1 Room BQ and PentHouse with 1 Room BQ at Lekki Phase one,3,3,"Lekki Phase One, Lekki Phase 1, Lekki",Dupson Realty Limited
"N171,000,000",Off Plan: 3 Bedroom Luxury Apartments,3,3,Ikoyi,Underwood Homes
"N140,000,000",Luxurious 3 Bedroom Flat For Sale In Ikoyi,3,3,"Old Ikoyi, Ikoyi",Dolphin Shelters
"N180,000,000",Newly Built 3 Bedroom Serviced Flat,3,3,"Banana Island, Ikoyi",Dolphin Shelters
"N38,000,000",Spacious 2 Bedroom Flat,2,2,"Lake View Estate, Lakowe, Sangotedo, Ajah",FA And Associates
"N150,000,000",Luxury 3 Bedroom Apartments For Sale In Ikoyi,3,4,"Off Banana Island Road, Banana Island, Ikoyi",Maxville Investment Inc
"N100,000,000",Prestigious Fully Finished And Serviced 3 Bedroom Apartment,3,3,"Olumegbon Street Off Kings Drive, Ikoyi",Marcopolo Properties Ltd.
"N165,000,000",Brand New 5 Bedroom Fully Detached Duplex,5,6,"Northern Forshore Estate , Chevron Drive, Lekki",Maxville Investment Inc
"N35,000,000",Off Plan: 2 Bedroom Luxury Apartment,2,2,"Orchid Road , Lekki Expressway, Lekki",Underwood Homes
"N250,000,000",Luxury Terraces In Ikoyi,4,5,"Off Bourdillon, Ikoyi",Maxville Investment Inc
"N75,000,000","Luxury and fully Serviced 3 Bedroom Flat in Oniru, V.I.",3,4,"Oniru Estate, Oniru, Victoria Island",Maxville Investment Inc
"N75,000,000","Well Furnished and Fully Serviced 4 Bedroom Penthouse, Ikate, Lekki",4,5,"4, Ikate Elegushi, Lekki",Joossa Realtors
"N50,000,000",Uniquely built 3 bedroom flat apartment plus swimming pool for sale in a well secured estate at adeniyi jones,3,4,"An Estate At Adeniyi Jones Ikeja Lagos , Ikeja , Ikeja",Loyalty Property
"N230,000,000",Luxuriously Built House In Osapa Lekki,5,6,"Pinnock Beach, Osapa, Lekki",Maxville Investment Inc
"N55,000,000",Classic Multiple House,4,4,"Ochid, Ikota, Lekki",Orangedove Properties Ltd
"N32,000,000",Luxury one bedroom apartmeent,1,1,"Sea Gate Estate, Ikate Elegushi, Lekki",MISA Limited
"N13,950,000",Luxuriously Built 3 Bedroom Flats(All Rooms Ensuite) at Wealthland Green Estate,3,3,"Oribanwa,, Awoyaya, Ajah",
"N45,000,000",Off Plan: 4 Bedroom Luxury Maisonette,4,4,"Orchid Road, Lekki Expressway, Lekki",Underwood Homes
"N17,000,000",3 Unit of 2 Bedroom Flat,2,1,"Olufumise Street Oke Aro Lagos Extension, Ogba, Ikeja",Batundetech Properties Limited
"N65,000,000",Tastefully Finished 3 Bedroom Apartment With A Room Servant Quarter,3,3,"Off White Sand School Road, Lekki Phase 1, Lekki",SOLIDWALLS PROPERTIES LIMITED
"N38,000,000",2 Block of a storey building 24 room & parlor on a plot of land,24,8,"Olufumise Street Oke Aro Lagos State Extension, Ogba, Ikeja",Batundetech Properties Limited
"N55,000,000","Luxury And Tastefully Finished Serviced Flats In Adeniyi Jones, Ikeja",3,4,"Adeniyi Jones , Ikeja , Ikeja",Maxville Investment Inc
"N38,000,000",Brand-New Tastefully Finished 2 Bedroom Penthouse,2,2,"Off Akinyemi Street , Lekki Phase 1, Lekki",SOLIDWALLS PROPERTIES LIMITED
"N52,000,000","6 block of mini flats newly built,",1,2,"Kajola Street Off Fadunsi Faco Estate Ogba Ikeja Lagos, Ogba, Ikeja",Batundetech Properties Limited
"N60,000,000",3 Bedroom flat at eric moore tower,3,3,"Eric Moore Street, Aguda , Surulere",Batundetech Properties Limited
"N15,000,000","Apartments , Duplexes And Bungalow At Camberwell Estate Abijo Gra , Lagos",1,1,"Camberwall Estate, Abijo, Ajah",The Overflow Properties
"N4,000,000","Spacious self service 4 Bedroom Semi Detached Duplex with Bq and security post, @ chevy view Estate By chevron,",4,5,"Chevyview Estate By Chevron, Chevron Drive, Lekki",Elite Real Estate Property Consultants
"N8,000,000",Fully furnished 3bedrooms flat,3,3,"Jabita Close, Off Banana Island Road, Banana Island, Ikoyi",Joe V. Properties Ltd.
"N300,000,000","Luxury Apartments, Gerald Rd, Ikoyi",3,4,"Gerald Road, Ikoyi",Lisieux Avila Properties Limited
"N45,000,000",7 units of 3 bedroom flats tastefully finished,3,3,"Secured Estate, Chevron Axis, Chevron Drive, Lekki",HTH Annepearl Ltd
"N45,000,000",3 Bedroom Flat With Bq,3,4,"Chevy View Estate, Chevron Drive, Lekki",
"N25,000,000","Flourish 2,3 & 4 Apartments And Terraces Bq",2,2,"Orchid Road, Chevron Drive, Lekki",Exclusive Realtors and Properties
"N27,000,000",2 Bedroom Apartment At Urban Prime 4 Estate Abraham Adesanya Lekki Ajah,2,2,"Urban Prime 4 Estate, Ogombo,, Abraham Adesanya, Ajah",The Overflow Properties
"N280,000,000",Luxury 5 Bedroom Penthouse with Lagoon View and Open Terrace,5,7,"Mojisola Onikoyi Exclusive Estate, Ikoyi",Space & Sphere
"N22,000,000","Blocks Of 1,2 & 3 Bedroom Apartment And Terrace",3,3,"Inside Abijo Gra, Abijo, Ajah",Terminax Union Ltd
"N99,000,000",Luxury 3 Bedroom Apartment For Sale,3,3,"Lekki, Lekki Phase 1, Lekki",MS Realtors
"N35,000,000","With 1million deposit ,you can secure a unit here",4,4,"Off Monastery Road, Behind Shoprite Mall, Sangotedo, Ajah",Adelmo Homes
"N150,000,000",3 Bedroom Apartment For Sale,3,3,"Admiralty Towers, Ikoyi",Henshodeg Properties
"N38,000,000",A Block Of 5 Units Of 3/2 Bedroom Flats For Sale At Ogba Ikeja With C Of O,3,2,"Alafia Estate Aguda Ogba Ikeja, Ogba, Ikeja",Loyalty Property
"N24,500,000","Exquisite blocks of 1,2,3 & 4 Bedroom Apartments",3,3,"Sangotedo, Ajah",Arkbricks Realtors Limited
"N70,000,000",Luxury 2 Bedroom Aprartment on Ozumba Mbadiwe,2,3,"Qzumba Mbadiwe, Victoria Island",DELUXE RESIDENCES
"N39,000,000",Newly completed 3 bedroom flat for sale!!!,3,3,"Megamound Estate, Ikota, Lekki",F.T.A Global Resources
"N45,000,000","2 Bedroom Luxurious Flat, Top Floor, Lekki Ph1 by Nike Art Gallery",2,3,"By Nike Gallery, Lekki Phase 1, Lekki",Arrd Properties
"N20,000,000","Well Serviced Units Of Off Plan 1,2 & 3 Bedroom Apartments",2,2,"Behind Megamound Estate, Lekky County Homes. , Ikota, Lekki",Wellpro Development and Real Estate
"N50,000,000",Luxury One Bedroom Hotel-Style Apartment,1,1,"Along Ahmadu Bello Way, Victoria Island",Deluxe Residences Ltd
"N32,000,000",Decent Block Of Three Bedroom Flats ( 4 Units),3,4,"Ojodu Extension, Ogba, Ikeja",Loyalty Property
"N17,000,000",Units Of 1&2 Bedroom Apartment & 3 Bedroom Terrace,2,2,"Awoyaya, Ajah",Brickmakers Real Estate Company
"N35,000,000",Luxury 3 & 2 Bedroom Executive Apartments,3,3,"2Nd Toll Gate By Chevron, Chevron Drive, Lekki",Wellpro Development and Real Estate
"N60,000,000","A Brand New Luxury And Stunning 4 Bedroom Terrace Duplex With Bq Off Bode Thomas Str, Surulere",4,5,"Babs Animashaun Road , Bode Thomas, Surulere",Maxville Investment Inc
"N13,500,000",Grace Sunstone Residence 1&2 Bedroom Apartment With 5 Years Payment Plan,2,2,"Few Minutes From The Lekki Free Trade Zone, Ibeju Lekki, Ajah",Davree Limited
"N170,000,000",Luxuriously Finished Water-Front 3 Bedroom Serviced Flat With Pool In Ikoyi,3,4,"2Nd Avenue , Banana Island, Ikoyi",Maxville Investment Inc
"N130,000,000",Luxury 4 Bedroom Terrace Duplex In Lekki Phase1 .,4,5,"Off Admiralty Way, Lekki Phase 1, Lekki",Maxville Investment Inc
"N60,000,000",2 Units Of Executive Miniflats For Sale,1,1,"Southwest, Ikoyi",Island Luxury
"N150,000,000",Luxury and Fully Serviced 4 Bedroom Terrace Duplex with Pool in V.I For Sale.,4,5,"Off Adeola Odeku, Victoria Island",Maxville Investment Inc
"N45,000,000",Luxury 2 Bedroom Flat in Victoria Island,1,1,"Water Coperation Drive, Victoria Island",DELUXE RESIDENCES
"N13,000,000 
N43,333 /m2","Camberwall Court 2,Abijo Gra",2,3,"Abijo Gra, Lekki-Ajah , Abijo, Ajah",Paradise Realty
"N90,000,000",Distress Sale In Sangotedo,5,5,"Glory Street, Off Lekki-Epe Expressway, Sangotedo, Ajah",
"N210,000,000","Super Luxury 4bedroom Apartments, Ikoyi",4,4,"Eko Street, Parkview Estate, Ikoyi",Beverly & Sam Properties
"N35,000,000",3 bedroom ensuite executive flat Yaba,3,3,"Alagomeji, Yaba",IOA Infinite Service
"N250,000,000",Phenomenal 3 Bedroom Terrace Duplex with Bq for Sale in Ikoyi,3,4,"2Nd Avenue , Banana Island, Ikoyi",Maxville Investment Inc
"N60,000,000",Newly Built Smart Home 1 & 2 Bedrooms,1,1,"Off Karimu Kotun, Victoria Island",Beverly & Sam Properties
"N31,206,818 
N1,040 /m2",Lakowe Lakes Golf Estate,4,5,"Lakowe, Ibeju Lekki, Ajah",Northpoint Realty Homes
"N40,000,000","5 Bedroom Duplex And 2 Units 2 Bedroom Flats For Sale In Ire Akari Estate, Isolo",9,9,"Onwufuju Street, Ire Akari Estate, Isolo",FA And Associates
"N290,000,000",Luxuriously Furnished 2 Bedroom Flat In Eko Atlantic For Sale,2,2,"Eko Atlantic, Victoria Island",Dolphin Shelters
"N130,000,000",3 Block 4 Bedroom Duplexes,4,3,"Senate Street Unilag Estate Magodo , Magodo Isheri, Ikeja",Batundetech Properties Limited
"N125,000,000","Luxury and Tastefully Finished 4 Bedroom Semi-Detached Duplex in Victoria Island, Lagos.",3,4,"Off Ajose Adeogun, Victoria Island",Maxville Investment Inc
"N185,000,000","A Luxuriously Finished And Serviced 5 Bedroom Semi Detached Duplex With Bq In Oniru, V.I",5,5,"Palace Way, Oniru, Victoria Island",Maxville Investment Inc
"N7,000,000,000",Multiple Waterfront 32 Units Of The 3-Bedroom Flats And 11 Units Of The 4 Bedroom Flats,4,4,"Banana Island Road, Ikoyi",Dolphin Homes & Investments
"N70,000,000",Fabulous 3 Bedroom Apartment,3,3,"Oniru, Victoria Island",Loyalty Property
"N60,000,000",Elegantly Styled 2 Bedroom Apartments In Premium Location,2,2,"In A Serene And Premium Neighborhood, Victoria Island",Edgeline Properties
"N4,560,000,000",Ikoyi Seven Star Luxurious Waterfront Penthouses With Private Swimming Pool,5,5,Ikoyi,Island Luxury
"N250,000,000",10 Units of 2 Bedroom Luxury Flat (Carcass) with Swimming Pool,20,20,"Eleganza Gardens Opposite Vgc, Lekki Expressway, Lekki",Quolar Global Services
"N165,000,000",Brand New 4 Bedroom Luxurious Penthouse (All En-Suite),4,4,"Landmark Road, Victoria Island Extension, Oniru, Victoria Island",Olfad Global Solutions
"N22,000,000",3 blocks of 22 units 2 bedroom apartments and 4 units of 1 bedroom apartments,2,2,Ajah,Lekki Homes and Commercilas
"N27,000,000",PROMO: 2 Bedroom Spacious Apartment,2,3,"Close To Abraham Adesanya Roundabout , Abraham Adesanya, Ajah",Tojek Properties
"N37,000,000",3 Bedrooms Luxury Apartments,3,3,"Osapa London, Osapa, Lekki",Diamond  Realtors
"N100,000,000",10 Units Of 3 Bedroom Apartment With Bq,3,3,"Lekki Phase1, Lekki Phase 1, Lekki",Astroglobe Estates & Investment Limited
"N13,000,000","3 Bedroom Apartments for Sale at Fairmont Advantage, Cranbel Apartments, Lekki-Ajah Sangotedo Ajah Lagos",3,3,"Fairmont Advantage, Lekki-Ajah, Sangotedo, Ajah",Property Mart
"N26,500,000",Newly Built 2 & 3 Bedroom Flat Apartments in Surulere,4,4,"Off Brown Road, Aguda , Surulere",Choice Property
"N60,000,000",3 Bedroom Apartment With Bq,3,4,"The Dream Place, Lekki Phase 1, Lekki",
"N59,000,000",Block Of Flats For Sale,3,3,"Ilupeju Gardens, Ilupeju, Ikorodu Road",
"N110,000,000",8 Units Of 4 Bedroom Maissionette,4,4,"Oniru, Victoria Island",Wren Regent Properties Limited
"N370,000,000",Luxury 4 Bedroom Apartment,4,5,"Probyn Road, Ikoyi",
"N157,800,000",Premium 2 Bedroom Apartment,2,3,"Vi, Victoria Island",CWRE Lagos
"N24,000,000",One Bedroom Fully Serviced Apartment,1,1,"Ruby Apartment, Off Lekki Epe Expressway, Ologolo, Lekki",Edgeline Properties
"N28,000,000",2 Bedroom Fully Serviced Apartment,2,2,"Ruby Apartment, Off Lekki Epe Expressway, Ologolo, Lekki",Edgeline Properties
"N28,000,000",3 Bedroom Flat Apartment in Sangotedo,3,3,"Off Monastery Road Behind Shoprite Shopping Mall, Sangotedo, Ajah",Choice Property
"N35,000,000",Block Of 4 Numbers 2 Bedroom Flats And 4 Numbers Mini Flats,4,4,"Liasu Road Coucil, Idimu, Idimu, Abeouka Express",Femi Akinlusi and Co
"N150,000,000",Brand New 3 Bedroom Flat For Sale,3,3,"Off Tumbull Avenue,, Ikoyi",Island Luxury
"N8,500,000",Two (2) Bedroom Apartment,2,3,"Okunraiye, Ibeju Lekki, Ajah",Space & Sphere
"N19,000,000","Units Of 1,2,3 &4 Bedroom Apartment",3,3,"Off Monastery Road, Behind Novare Mall (Shoprite), Sangotedo, Ajah",Terminax Union Ltd
"N65,000,000",Luxury Built 3 Bedroom Apartment,3,3,"Oniru, Victoria Island",CWRE Lagos
"N7,500,000",One (1) Bedroom Tastefully finished apartment,1,2,"Okunraiye, Ibeju Lekki, Ajah",Space & Sphere
"N40,000,000",Newly Built 3 Bedroom Flat With Bq,3,3,"Alagomeji, Yaba",XLHomes
"N340,000,000",Luxurious 3 Bedroom Apartment For Sale,3,3,"Eko Atlantic City,, Victoria Island",Island Luxury
"N40,000,000",Milverton estate,3,4,"Shoprite Road, Osapa, Lekki",
"N290,000,000",Fully furnished terace houses,3,4,"Banana Island, Ikoyi",
"N150,000,000",Luxury Built and Well Spacious 3 Bedroom Flat with 1 Room Bq with Recreational Area. Swimming Pool and Elevator,3,4,"Onikoyi, Off Banana Island Road, Ikoyi",Stephens Aims Real Estate Ltd
"N45,000,000",3 bedroom flat with bq in Yaba Lagos,4,5,Yaba,IOA Infinite Service
"N45,000,000",Lovely 3 Bedroom Flats And Pent House,4,3,Yaba,Globak homes
"N20,500,000","Lovely 1,2,3 Bedroom Apartment For Sale",2,2,"Abraham Adesanya, Ajah",Davree Limited
"N95,000,000",Newly Built 3 Bedroom Apartment For Sale,3,3,"Parkview, Parkview Estate, Ikoyi",Island Luxury
"N45,000,000",Luxurious 2 Blocks Of 3 Bedroom Flat & 3 Bedroom Penthouse,3,3,"Oregun, Ikeja",Wellpro Development and Real Estate
"N40,000,000",12 Units Of 3 Bedroom Flats,3,3,"Alagomeji, Yaba",Jerman Ventures Co Ltd
"N9,500,000",Lovely Flats & Apartments,1,1,"Ibeju, Ibeju Lekki, Ajah",Core Real Estate Realtor
"N45,000,000",Premium 3 BEDROOM APARTMENT,3,3,"Lekki Phase 1, Lekki",CW Real Estate
"N10,500,000",Fairfield off plan Apartments,2,2,"Abijo, Ajah",Core Real Estate Realtor
"N13,950,000","3Bedroom Flat in a gated estate at Oribanwa, Lekki, Lagos",3,3,"Oribanwa, By Davitech Filling Station, Before Lakowe, Ibeju Lekki, Ajah",EKO Criterion Consultancy Services
"N31,000,000",Luxury and serviced 2 bedroom flats,2,3,"Inside A Close In Agungi After Domino’S Pizza , Agungi, Lekki",Spoton Realty and Construction
"N16,000,000",Apartments For Sellat Aguda Surulere Lagos.,1,1,"Bolaji Banwo, Aguda , Surulere",The Overflow Properties
"N45,000,000",Classic 3 Bedroom House,3,3,Ebute Metta,Dolphin Homes & Investments
"N35,000,000",A Luxury 2 Bedroom Flat,2,3,"Ikate, Ikate Elegushi, Lekki",Dupson Realty Limited
"N60,000,000",Well Finished 2 Bedroom Flat With A BQ,2,2,"Off Admiralty Way, Lekki Phase 1, Lekki",SOLIDWALLS PROPERTIES LIMITED
"N120,000,000",Luxury 3 Bedrooms Penthouse Maisonette,3,2,"Osborne Phase 2, Ikoyi",Beverly & Sam Properties
"N75,000,000","Luxury 3 Bedroom Apartment With Boys Quarter Adjoining Eko Atlantic At Oniru, Vi",3,3,"Water Corporation Drive, Oniru, Victoria Island",Deluxe Residences Ltd
"N30,000,000",Classic 3 Bedroom Duplex,3,3,"Chevron, Chevron Drive, Lekki",Dupson Realty Limited
"N55,000,000",3 bedroom apartment with a room bq,3,3,"Bayview Estate, Ikate Elegushi, Lekki",MISA Limited
"N150,000,000",3 Bedroom Classy Apartments and Penthous,3,3,"Third Avenue, Banana Island, Ikoyi",Beverly & Sam Properties
"N40,000,000","Spacious and Luxury 0ne Bedroom Apartment Along Water Corporation Drive, Oniru, VI",1,2,"Water Corporation Drive, Oniru, Victoria Island",Deluxe Residences Ltd
"N550,000,000",Ultra-luxurious 5 Bedroom Terrace House,5,5,"First Avenue, Banana Island, Ikoyi",Beverly & Sam Properties
"N27,000,000",3 Bedroom Aprtment,3,3,"Along Mcclum Street/Moloney, Ebute Metta",
"N42,000,000",Two Bedroom Luxury Apartment In Prime Location,2,2,"Camberwall Advantage, Ikate Elegushi, Lekki",Edgeline Properties
"N40,000,000",Two Bedroom Luxury Apartment In Premium Location,2,2,"Camberwall Advantage, Ikate Elegushi, Lekki",Edgeline Properties
"N68,000,000",Luxury 3 Bedroom Penthouse With BQ In Prime Location,3,3,"Camberwall Advantage, Ikate Elegushi, Lekki",Edgeline Properties
"N70,000,000",Luxury 3 Bedroom Penthouse With BQ In Prime Location,3,3,"Camberwall Advantage, Ikate Elegushi, Lekki",Edgeline Properties
"N75,000,000",Distress vendor,3,4,"Off Alfred Rewane , Ikoyi",
"N19,000,000",Beautiful 2 Bedroom Apartment - Camberwall Courts 2,2,2,"Abijo Gra, Abijo, Ajah",Edgeline Properties
"N24,000,000",Beautiful 3 Bedroom Apartment - Camberwall Courts 2,3,3,"Camberwall Courts 2, 4 Mins From Shoprite, Abijo, Ajah",Edgeline Properties
"N7,500,000",1 & 2 bedroom flat apartment in Ibeju-Lekki Close to Free Trade Zone,2,2,"Around Lekki Free Trade Zone, Ibeju Lekki, Ajah",Choice Property
"N14,300,000","1,2 & 3 Bedroom Apartments and Terraces",2,2,"Ajayi Apata Behind Fara Park Sangotedo, Sangotedo, Ajah",EbbyHomes Property NIG LTD
"N38,000,000",2 & 3Bedroom Apartments At Ikate Lekki For Sell,2,2,"Off Kunsela Road Close To Lekki Phase 1, Ikate Elegushi, Lekki",The Overflow Properties
"N10,000,000",??Investors Dont Be Left Out????,1,2,"Ajayi Apata, Behind Fara Park Estate , Sangotedo, Ajah",EbbyHomes Property NIG LTD
"N70,000,000",3 Bedroom Serviced Apartment,3,3,"Ikate Elegushi, Lekki",The Beehive Realty
"N1,100,000,000",8 Units of 3 Bedroom Apartments With Good Amenities,3,4,"Off Kasumu Ekemode Street, Victoria Island",Joossa Realtors
"N17,000,000",Terrace Duplex & Apartment,2,2,"Abijo, Ajah",HTH Annepearl Ltd
"N85,000,000",Serviced 3 Bedroom Apartment,3,3,"Lekki Phase 1, Lekki",Cresco Homes and Properties
"N50,000,000",2 stories building of 4 & 3bedroom flats with 8nos of mini flats,3,3,"Oriola Road Alapere, Alapere, Ketu",LKO Properties
"N110,000,000",Luxury flats,3,4,"Off Bourdillon Road, Ikoyi",
"N150,000,000",Brand New 3 Bedroom Apartment,3,3,"Off Banana Island Road, Ikoyi",Island Luxury
"N27,500,000",3 Bedroom Luxury Flat - Smart Home,3,3,"Treasure Homes Estate, Ilasamaja, Mushin",Quolar Global Services
"N40,000,000",A Storey Building Consist Of 4 Units Of 3 Bedroom Flat & Units Of Mini Flat,3,3,"Idimu, Abeouka Express",LKO Properties
"N90,000,000",6 Unit 3 Bedroom Flat,3,3,"Off Obafemi Awolowo Way. Afariogun, Ikeja , Ikeja",LKO Properties
"N360,000,000",Premium 4 Bedroom Terraced Duplex,4,4,Ikoyi,CWRE Lagos
"N13,000,000","1,2&3 Bedroom Apartments At Milton Awoyaya Lekki",1,1,"Milton Estate, Behind Coscharis Motors,, Awoyaya, Ajah",The Overflow Properties
"N260,000,000",Luxury 4 Numbers Of 3 Bedroom Flat,3,3,"Off Fatai Arobieke, Lekki Phase 1, Lekki",MS Realtors
"N140,000,000",3 Bedroom Flat For Sale,3,3,"Old, Ikoyi",Island Luxury
"N17,000,000","Block Of 1,2,&3 Bedroom Apartments And Terraces",2,2,"Inside Abijo Gra, Abijo, Ajah",Verified properties Limited
"N57,000,000",Lovely 3 Bedroom Flat With A Maid Room,3,3,"Oniru, Victoria Island",MS Realtors
"N45,000,000","Luxury 4 Bedroom Terrace Duplex with Bq For Sale in a serviced Estate in Chevron Drive, lekki",4,5,"Off Chevron Drive , Chevron Drive, Lekki",Maxville Investment Inc
"N80,000,000",A Block of 9 Flats of 2 Bedrooms,2,2,"Lawanson, Surulere",Femi Akinlusi and Co
"N42,000,000",Serviced And Well Finished 3 Bedroom Flat,3,3,"Osapa London, Osapa, Lekki",Spoton Realty and Construction
"N55,000,000",Brand New 3 Bedroom Flat,3,3,"Lekki Phase 1, Lekki",Rosemond Hills Limited
"N37,000,000",Solid Block of 4 Units of 3 Bedroom Flats in Alagbole Ojodu Extension,3,4,"Alagbole Ojodu Extension , Ojodu, Ikeja",Loyalty Property
"N42,000,000","Exquisite 2 Bedroom Luxury Flats With 24hrs Power & Central Swimming Pool @ Ikate, Lekki",2,3,"Chisco Ikate Elegushi , Ikate Elegushi, Lekki",Property Last  Bus Stop
"N13,500,000",5 Year Payment Plan 1 And 2 Bedroom Apartment,2,2,"Ibeju, Ibeju Lekki, Ajah",Leadhomes luxury and apartments
"N140,000,000",Luxuriously Furnished High Rise 3 Bedroom Apartment,3,3,"Old, Ikoyi",Island Luxury
"N474,974,977",Classic 4 Bedroom Apartment On 7Th Floor,4,4,Victoria Island,Henshodeg Properties
"N60,000,000","For Sale:Fully Furnished Service 2bedroom Flat. Ikate, Lekki",2,2,"Ikate , Ikate Elegushi, Lekki",Mcdedict Homes Limited
"N13,750,000","2Bedroom Flat in a gated estate at Abijo G.R.A, all rooms ensuite with a visitor's toilet.",2,2,"Abijo G.R.A, Abijo, Ajah",EKO Criterion Consultancy Services
"N70,000,000",Exquisite 3 Bedroom Flat In Victoria Island,3,4,"Water Coperation Drive, Oniru, Victoria Island",DELUXE RESIDENCES
"N88,000,000",2Units to go. 4Bedroom Apartment in Banana Island Road Ikoyi,4,5,"Banana Island Road, Banana Island, Ikoyi",Mcdedict Homes Limited
"N19,800,000","Lovely 2,3,&4 Bedroom Flats,Terrace And Semi Detached Duplex",3,3,"Oribanwa, Ajah",Davree Limited
"N55,000,000",Spacious 3 Bedroom Flat for Sale in Oniru,3,3,"Oniru, Victoria Island",Rosemond Hills Limited
"N90,000,000",6 Units Of 3 Bedroom Block Of Flat,3,3,"Alausa, Ikeja",Wellpro Development and Real Estate
"N20,000,000",Luxury One Bedroom Mini Flat,1,1,"Megamound Estate, Ikota, Lekki",Henshodeg Properties
"N50,000,000",Adam Prescott Flat,3,3,"Cadogan Place Estate, Castlerock Ave, Jakande, Lekki",Osekemi Properties Nig Lt
"N38,000,000","For sale... Newly built 6nos of 3br flat off allen avenue in a very serured close, ikeja, lagos",3,4,"Allen Ikeja Lagos, Allen Avenue, Ikeja",Loyalty Property
"N118,000,000",2 & 3 Bedroom Apartments For Sale,2,2,"3Rd Avenue , Banana Island, Ikoyi",
"N25,000,000",Massive And Well Built 3(no) 3 Bedroom Flat With A Mini Flat,3,3,"Bashorun Busstop Igbogbo Ikorodu Lagos, , Ikorodu, Ikorodu Road",HighStreet Properties
"N55,000,000",Newly Built Block Of 4 Numbers Of 2 Bedroom Flat,4,4,"Gemade Estate, Egbeda, Agege",Femi Akinlusi and Co
"N5,500,000",Newly Built Miniflat For Sale,1,1,Ajah,Dupson Realty Limited
"N29,500,000",Affordable 4 bedroom flat in Lagos homes ogba ikeja,4,3,"Lagos Homes Ogba Ikeja , Ogba, Ikeja",Loyalty Property
"N75,000,000",Luxury 3 Bedroom Flat With Maid's Room Adjoining Eko Atlantic At Oniru Vi,3,3,"Water Corporation Drive, Oniru, Victoria Island",Deluxe Residences Ltd
"N165,000,000",Well Built Units Of 3 Bedroom Apartment With Bq,3,3,Ikoyi,Astroglobe Estates & Investment Limited
"N295,000,000","Luxury 2, 3 and Penthouse Apartments in Eko Atlantic City -From $/Negotiable",3,4,"Eko Pearl Tower, Eko Atlantic City, Victoria Island",Joossa Realtors
"N100,000,000","Luxury and fully serviced 3 Bedroom Flat in Maryland, Lagos",3,4,"Off Mobolaji Bank-Anthony Road, Maryland, Ikeja",Maxville Investment Inc
"N55,000,000",Block of four flats with a miniflat bq on plot at akoka yaba,3,3,"Akoka Yaba, Akoka, Yaba",Loyalty Property
"N19,000,000",Units Of 1&2 Bedroom Maisonette,2,2,"Eleko, Ajah",Exclusive Realtors and Properties
"N574,860,000",Beautiful and Elegant 4 bedroom Maisonette,4,4,"Off First Avenue, Banana Island, Ikoyi",Beverly & Sam Properties
"N65,000,000","Luxury 3 Bedroom Flat with Maid's Room, AC, Fitted Kitchen Along Water Corporation Drive, Oniru",3,4,"Along Water Corporation Drive Off Ligali Ayorinde Street, Oniru, Victoria Island",Deluxe Residences Ltd
"N180,000,000",Prince Ademola Osinuga Specials! Newly Built Waterfront 3 Bedroom Apartment + Elevator In Banana Island Estate @N180m,3,3,"Banana Island, Ikoyi",Luxury Bargains Market
"N40,000,000",Standard 2 Bedroom Apartment,2,2,"Ikate, Ikate Elegushi, Lekki",Diamond  Realtors
"N60,000,000",Lovely Serviced 3 Bedroom Flat for Sale at Lekki Right Hand Side,3,3,"Lekki Right Hand Side, Lekki Phase 1, Lekki",Rosemond Hills Limited
"N68,000,000",3 Bedroom Apartment With Bq(Penthouse),3,3,"Ikate, Ikate Elegushi, Lekki",Diamond  Realtors
"N20,000,000",Halleyvine Residence 2 Bedroom Apartments,2,2,"Behind Monastery Road, Sangotedo, Ajah",Chateau Royal Real Estate Ltd
"N26,000,000",Halleyvine Residence,3,3,"Behind Monastery Road, Sangotedo, Ajah",Chateau Royal Real Estate Ltd
"N762,411,932",Lovely 3 Bedroom penthouse flat,3,3,"Eko Atlantic City Victoria Island, Victoria Island",Wellpro Development and Real Estate
"N90,000,000",3 Bedroom Luxury Flat with Boy'S Quarter,3,3,"Providence Street, Lekki Phase 1, Lekki",Quolar Global Services
"N80,000,000",Hurry up and get brand new ground floor 3bedroom flat with BQ,3,3,"Lekki Phase 1, Lekki",Wellpro Development and Real Estate
"N80,000,000",Beautiful 3bedroom maisonette with BQ,3,3,"Lekki Phase1, Lekki Phase 1, Lekki",Wellpro Development and Real Estate
"N39,000,000",3 Bedroom Apartment,3,3,"Lekky County , Ikota, Lekki",ITJ Realtors
"N75,000,000",Hurry up and get 3bedroom flat with BQ,3,3,"Lekki Right, Lekki Phase 1, Lekki",Wellpro Development and Real Estate
"N60,000,000",Serviced 3 bedroom flat,3,3,"Ikate, Ikate Elegushi, Lekki",4TEE PROPERTIES
"N75,000,000",lovely 3 bedroom flat with BQ,3,3,"Lekki Phase 1, Lekki",4TEE PROPERTIES
"N110,000,000","Units Of 2,3 &5 Bedroom Luxury Apartments",3,3,"Osborne, Ikoyi",ITJ Realtors
"N70,000,000",Luxury 4 Bedroom Apartment With Penthouse In Secured Estate,4,4,"Ocean Bay Estate, Orchid Road, By Chevron Toll Gate, Ikota, Lekki",Edgeline Properties
"N14,000,000",Halleyvine Residence,1,1,"Behind Monastery Road, Sangotedo, Ajah",Chateau Royal Real Estate Ltd
"N11,000,000",Halleyvine Residence Miniflat,1,1,"Behind Monastery Road, Sangotedo, Ajah",Chateau Royal Real Estate Ltd
"N65,000,000",Newly Built 3 Bedroom Flat For Sale In Oniru,3,3,"Oniru, Victoria Island",Elizabeth Han Services Limited
"N2,660,000,000",Ikoyi Seven Star Lagoon View 8 Units 4 Bedroom Apartment,4,4,Ikoyi,Island Luxury
"N35,000,000",Newly completed 2 bedroom flat for sale!!!,2,2,"Megamound Estate, Ikota, Lekki",F.T.A Global Resources
"N175,000,000",Modern 3 Bedroom Apartment,3,3,Ikoyi,CWRE Lagos
"N17,000,000",Spacious 2 Bedroom Apartment,2,2,"Awoyaya, Ajah",Diamond  Realtors
"N130,000,000",Luxury 1 Bedroom Apartment,1,2,Ikoyi,CWRE Lagos
"N24,000,000",3 Bedroom Apartment,3,3,"Abijo Gra, Abijo, Ajah",Diamond  Realtors
"N250,000,000",Premium 3 Bedroom Apartment,3,3,"Banana Island, Ikoyi",CWRE Lagos
"N60,000,000",Premium 2 Bedroom Apartment,2,2,"Lekki Phase 1, Lekki",CW Real Estate
"N350,000,000",Upscale 3 Bedroom Pent House,3,4,"Old Ikoyi, Ikoyi",CWRE Lagos
"N300,000,000",Premium 4 Bedroom Apartment,4,4,"Old Ikoyi, Ikoyi",CWRE Lagos
"N350,000,000",Premium 4 Bedroom Maisonette,1,1,"Ikoyi, Banana Island, Ikoyi",CWRE Lagos
"N70,000,000",3 Bedroom Apartment with a Room BQ in a fully serviced Estate.,3,3,"Lekki Phase 1, Lekki",
"N65,000,000",Premium 2 Bedroom Apartment,2,2,"Vi, Oniru, Victoria Island",CWRE Lagos
"N25,000,000",Luxurious 3 Bedroom Flats,3,3,"Ilamoye-Isolo, Isolo",FA And Associates
"N30,000,000",Terraces and block of flats,3,3,"Atlantic Layout Estates Lagos Business School, Ajah",Jason Buttons Realty
"N28,000,000",Tastefully Finished 2 Bedroom Apartment,2,2,"Orchid Road, Chevron Drive, Lekki",Terminax Union Ltd
"N5,000,000,000",21 Units Of Luxury Flats Waterfront,3,3,"Off 2Nd Avenue, Banana Island, Banana Island, Ikoyi",Dolphin Homes & Investments
"N68,000,000",Waterfront 2 Bedroom Flat For Sale,2,2,"Lekki Phase 1, Lekki",Evening Primerose Realty
"N78,000,000",Blue Water View 2 Bedroom Apartment,2,2,"Lekki, Lekki Phase 1, Lekki",Northpoint Realty Homes
"N75,000,000",Luxury 3 Bedroom Apartment,3,4,"Oniru, Victoria Island",Northpoint Realty Homes
"N56,000,000",Luxury 3 Bedroom Apartment,3,3,"Ikate, Ikate Elegushi, Lekki",Dlizz Properties
"N65,000,000",Brand New 3 Bedrooms Apartments with 1 Room Bq,3,4,"Lekki Rhs, Lekki Phase 1, Lekki",Space & Sphere
"N26,000,000",Fabulous 2 Bedroom Apartment,2,2,"2Nd Toll Gate, Chevron Drive, Lekki",XLHomes
"N65,000,000",Spacious 3 Bedroom Apartment With Bq,3,3,"Lekki, Lekki Phase 1, Lekki",Leadhomes luxury and apartments
"N47,000,000",Luxurious 2 Bedroom Apartment,2,2,"Ikate, Ikate Elegushi, Lekki",Giwa Realty
"N70,000,000",Fully Serviced Three Bedroom Flat with Bq,3,4,"Off Palace Road, Oniru, Victoria Island",Space & Sphere
"N47,000,000",Luxurious 2 Bedroom Apartment,2,2,"Ikate, Ikate Elegushi, Lekki",Yebellz Enterprise
"N19,000,000",Standard 2 Bedroom Apartment,2,2,"Inside Abijo Gra, Abijo, Ajah",Lumide Properties
"N24,000,000",Fabulous 3 Bedroom Apartment,3,3,"Inside Abijo Gra, Abijo, Ajah",Lumide Properties
"N25,000,000",Spacious 2 Bedroom Flat,2,2,"Orchid Road Eleganza, Chevron Drive, Lekki",Jason Buttons Realty
"N170,000,000",Massive 3 Bedroom Flat With Bq,3,3,"Banana Island, Ikoyi",Leadhomes luxury and apartments
"N520,000,000","4 Bedroom Penthouse, Maisonettes & Apartment",4,4,"Khristos, Ikoyi",
"N69,000,000",Blue Water View 2 Bedroom Apartments,2,2,"Lekki Phase 1, Lekki",Fablessing & Son’s Real Estate
"N16,000,000",Spacious One Bedroom Apartment,1,1,"Chevron Tollgate, Chevron Drive, Lekki",Leadhomes luxury and apartments
"N17,000,000","Block Of 1,2 & 3 Bedroom Apartments And Terrace",2,2,"Abijo Gra, Abijo, Ajah",Teewhy Properties
"N100,000,000",Luxurious 3 bedroom Apartments for Sale,3,3,"Abacha Estate (2Nd Avenue Estate), Ikoyi",Island Luxury
"N170,000,000",Standard 4 Units Of 3 Bedroom Flats Ensuite,12,16,"Idado, Lekki",
"N33,000,000",Spacious 3 Bedroom Apartment,3,3,"Chevron Tollgate , Chevron Drive, Lekki",Leadhomes luxury and apartments
"N38,000,000",Serviced 2 and 3 bedroom apartment,3,3,"Vintage Height Behind House On The Rock, Ikate Elegushi, Lekki",Terminax Union Ltd
"N750,000,000",Lovely 12 Units of 3 Bedroom Apartments,3,4,"Off Palace Road, Oniru, Oniru, Victoria Island",Joossa Realtors
"N210,000,000",Newly Built 3 Bedroom Apartments,3,3,"Falomo , Ikoyi",
"N22,000,000","Units Of 1,2 And 3 Bedroom Apartment",3,3,"Abijo, Ajah",Terminax Union Ltd
"N300,000,000",Luxury 3 bedroom apartment for sale and for lease at Banana island Ikoyi Lagos,3,3,"Banana Island Lagos, Banana Island, Ikoyi",Rosemond Hills Limited
"N47,000,000",Luxurious 2 Bedroom Apartment,2,2,"Ikate, Ikate Elegushi, Lekki",Hopskale Real Estate
"N170,000,000",Spacious 3 Bedroom Apartment With Bq,3,3,"Banana Island, Ikoyi",Leadhomes luxury and apartments
"N19,000,000",Lovely 1 & 2 Bedroom Maisonette,2,2,"Five Oaks Residences, Eleko , Eleko, Ajah",Teewhy Properties
"N80,000,000",Premium 2 Bedroom Apartment,2,3,"Vi, Oniru, Victoria Island",CWRE Lagos
"N160,000,000",Cozy 3 Bedroom Flats with BQ,3,3,"A44, Banana Island, Ikoyi",CWRE Lagos
"N55,000,000",Executive 3 Bedroom Flat for Sale in Ikeja,3,3,"Opebi,Ikeja, Opebi, Ikeja",Choice Property
"N22,000,000",3 Bedroom Flat Apartment For Sale in Sasha Akowonjo,3,3,"Sasha Akowonjo, Akowonjo, Agege",Choice Property
"N69,000,000",Blue Water View 2 Bedroom Apartments,2,2,"Lekki, Lekki Phase 1, Lekki",Hopskale Real Estate
"N45,000,000",Luxury 1-bedroom flat,1,1,"A. J. Marinho Drive, Victoria Island",Gloch Stylistic Limited
"N85,000,000",Luxury 3Bedroom Flat with a Servant Quarter in a Oniru (Off Plan Sale),3,3,"Off Palace Road, Oniru, Oniru, Victoria Island",EKO Criterion Consultancy Services
"N305,000,000",Premium 3 Bedroom Maisonette,3,3,Ikoyi,CWRE Lagos
"N28,000,000",Classic 3 Bedroom Flat,3,3,"Eleganza, Lekki Expressway, Lekki",Jason Buttons Realty
"N16,000,000",Distress 3 Bedroom Apartment For Sale,3,3,Ajah,Leadhomes luxury and apartments
"N170,000,000",Luxuriously finished 3 bedroom apartment (to be ready in Dec.),3,3,"Off Adeola Odeku, Victoria Island",Island Luxury
"N140,000,000",Fully Furnished New 4 Bedroom Fully Fitted Apartment,4,4,"Parkview Estate, Ikoyi",Island Luxury
"N10,500,000","1, 2 & 3 Bedroom Flat Apartment For Sale in Sangotedo With 12 Months Installment Plan",3,3,"Off Monastery Road Behind Novare Mall (Shoprite), Sangotedo, Ajah",Choice Property
"N400,000,000",Newly Built 4 Bedroom Apartment For Sale,4,4,"Off Tumbull Drive,, Ikoyi",Island Luxury
"N28,000,000",Newly Built 2 Bedroom Apartment For Sale,2,2,"Ikota, Lekki",Cresco Homes and Properties
"N65,000,000",Tastefully Finished Newly Built Serviced 3 Bedroom Flat With Bq,3,3,"Off Oniru New Market Road, Lekki Phase 1, Lekki",SOLIDWALLS PROPERTIES LIMITED
"N28,000,000",Serviced And Luxuriously Finished 1 Bedroom Flat,1,1,"Osapa London, Osapa, Lekki",Spoton Realty and Construction
"N200,000,000",Luxuriously finished 4 bedroom penthouse (to be ready in Dec.),4,4,"Off Adeola Odeku , Victoria Island",Island Luxury
"N16,000,000",Lovely One Bedroom Apartment,1,1,"Abraham Adesanya, Ajah",Leadhomes luxury and apartments
"N16,000,000",Lovely 3 Bedroom Apartment For Sale,3,3,"Lekki, Lekki Phase 2, Lekki",Leadhomes luxury and apartments
"N150,000,000",Lovely 3 Bedroom Flat For Sale,3,3,"Adeyemi Lawson Road, Ikoyi",MS Realtors
"N40,000,000",Units Of 3 Bedroom Apartments For Sale,3,3,"Ikate, Ikate Elegushi, Lekki",Leadhomes luxury and apartments
"N35,000,000",3 Bedroom Apartment With Bq,3,3,"Agungi, Lekki",Hopskale Real Estate
"N16,000,000",Lovely One Bedroom Apartment,1,1,"Abraham Adesanya, Ajah",Bot Concept Realtors
"N22,000,000",Beautiful 2 Bedroom Apartment,2,2,"Abraham Adesanya, Ajah",Leadhomes luxury and apartments
"N29,000,000",Spacious 3 Bedroom Apartment,3,3,"Ajah, Abraham Adesanya, Ajah",Leadhomes luxury and apartments
"N22,000,000",2 Bedroom Apartment For Sale,2,2,"Abraham Adesanya, Ajah",Wellpro Development and Real Estate
"N35,000,000",Lovely 3 Bedroom Flat,3,3,"Ogba, Ikeja",Loyalty Property
"N22,000,000",Lovely 2 Bedroom Apartment,2,2,"Abraham Adesanya, Ajah",Bot Concept Realtors
"N29,000,000",Standard 3 Bedroom Apartment,3,3,"Abraham Adesanya, Ajah",Bot Concept Realtors
"N65,000,000",3 bedroom flat for sale with all rooms ensuite at Block B4,3,3,"1004 Housing Estate, Victoria Island",Ubosi Eleh And Co
"N130,000,000",Luxurious 3 Bedroom Apartment For Sale,3,3,"Old, Ikoyi",Island Luxury
"N38,000,000",Newly Built 3 Bedroom Flats,3,3,"Alagomeji, Yaba",XLHomes
"N75,000,000",Luxury 3 Bedroom Flat for Sale in Oniru,3,3,"Oniru, Victoria Island",Rosemond Hills Limited
"N160,000,000",Luxurious 2 Bedroom Apartment For Sale,2,2,"Off Adeola Odeku,, Victoria Island",Island Luxury
"N40,000,000",3 Bedroom Apartment With BQ,3,3,"Ikate, Ikate Elegushi, Lekki",Edgeline Properties
"N110,000,000",Serviced 4 Bedroom Flat For Sale,3,3,"Off Bourdillon Rd Ikoyi., Ikoyi",Dolphin Homes & Investments
"N30,000,000",Newly Built 2 Bedroom Apartment,2,2,"Ikate Elegushi, Lekki",CW Real Estate
"N120,000,000",Luxurious 2 Bedroom Apartments,2,2,"Old, Ikoyi",Island Luxury
"N150,000,000",Fabulous 2 Numbers Of 3 Bedroom Flats,3,3,"Off Banana Island Road, Banana Island, Ikoyi",MS Realtors
"N95,000,000",A Block Of 3 Bedroom House For Sale,3,3,"Off Afariogun Street, Ikeja , Ikeja",Femi Akinlusi and Co
"N110,000,000",6 Flats Of 4 Nos Of 3 Bedroom And 2 Nos Of 2 Bedroom,3,3,"Mende, Ikeja",Femi Akinlusi and Co
"N90,000,000","6 units of 3 bedroom flat, all rooms ensuite",3,3,"Akoka, Yaba",LKO Properties
"N35,000,000",Newly Built 3 Bedroom Flat,3,3,"Dideolu Estate, Ogba, Ikeja",Globak homes
"N180,000,000",2 Block Of 20 Numbers Of 3 Bedroom Flat,3,3,"Omotoye Estate, Agege",Globak homes
"N15,862,500",Newly Built 2 Bedroom Bungalows,2,2,"Beechwood Estate, Bogije, Ibeju Lekki, Ajah",JOA Homes
"N220,000,000","6 Units of Luxury 3 Bedroom Flat for sale at Victoria Island, Lagos",3,4,"Off Adeola Odeku, Victoria Island",
"N19,299,375",Newly Built 3 Bedroom Bungalow,3,3,"Beechwood Estate, Bogije, Ibeju Lekki, Ajah",JOA Homes
"N35,000,000",Flats For Sale In Ojodu Berger,3,2,"Ojodu, Ikeja",Lucid Properties
"N26,437,500",Newly Built 3 Bedroom Detached Bungalow,3,3,"Beechwood Estate, Bogije, Ibeju Lekki, Ajah",JOA Homes
"N110,000,000",Lovely 3br Luxury Apartment with a Bq (Offplan) 70%,3,4,Ikoyi,Stephens Aims Real Estate Ltd
"N70,000,000",Littoral Contemporary Luxury Apartment and Towers (Offplan),3,4,"Oniru, Victoria Island",Stephens Aims Real Estate Ltd
"N22,207,500",Newly Built 3 Bedroom Semidetached Bungalows,3,3,"Beechwood Estate, Bogije, Ibeju Lekki, Ajah",JOA Homes
"N65,000,000",22 Units Of 3 Bedroom Flats For Sale In Lekki Right,3,3,"Lekki, Lekki Phase 1, Lekki",Ben Chika and Co
"N130,000,000",Lovely Block Of 3 Bedroom Flats For Sale In Ikeja,3,3,"Off Allen Avenue, Ikeja , Ikeja",Femi Akinlusi and Co
"N130,000,000",Block Of 3 Bedroom Flats For Sale In Ikeja,3,3,"Off Allen Avenue, Ikeja , Ikeja",Femi Akinlusi and Co
"N80,000,000",Newly Built 12 Units 5 Bedroom Block Of Flat,5,5,"G.R.A Ikeja, Ikeja G.R.A, Ikeja",Cedars Properties
"N75,000,000",3 Bedroom Flat For Sale,3,3,"1004 Estate,, Victoria Island",Island Luxury
"N12,500,000",Affordable Flat on the island for sale with Payment Plan,2,2,"Goldstone Estate, Sangotedo, Ajah",Mimshach Properties
"N350,000,000",3 Bedroom Penthouse,3,3,"Banana Island, Ikoyi",Henshodeg Properties
"N35,000,000",Lovely 3 Bedroom Apartment,3,3,"Lekki County Estate, Ikota, Lekki",Henshodeg Properties
"N350,000,000",Kaydars Gates Luxury Maisonette and Office Apartment,4,5,"Musa Yaradua Street, Victoria Island",Stephens Aims Real Estate Ltd
"N200,000,000",Furnished 3 Bedroom Apartment With Bq,3,4,Victoria Island,
"N110,000,000",6 units of 3 bedrooms block of flats,3,3,"Ogba, Off College Road., Ogba, Ikeja",Famousmint Limited
"N50,000,000",One Bedroom Luxury Apartment,1,2,"Ahmadu Bello Way, Victoria Island",DELUXE RESIDENCES
"N150,000,000",Brand New Water View High Quality 3 Bedroom Apartments,3,3,"Old, Ikoyi",Island Luxury
"N130,000,000",Furnished 3 Bedroom Flat With Bq,3,4,"Macpherson Road, Ikoyi",Success Property & Co
"N25,000,000",Exqusite 2 Bedroom Flat For Sale,2,2,"Sola Olagunji Street, Off New Road,, Lekki Phase 2, Lekki",Ubosi Eleh And Co
"N25,500,000",3 Bedroom Apartment For Sale,3,4,"Abraham Adesanya, Ajah",Henshodeg Properties
"N32,000,000","20YEARS Payment Plan, 4 bedroom Semidetached Duplex",2,3,"Ikate, Lekki Expressway, Lekki",Mcdedict Homes Limited
"N120,000,000",Luxurious 3 Bedroom Apartment For Sale,3,3,"Parkview,, Parkview Estate, Ikoyi",Island Luxury
"N250,000,000",Luxury High Rise 3 Bedroom Flats,3,3,"Bordillon Road, Ikoyi",Wellpro Development and Real Estate
"N250,000,000",Upscale 4 Bedroom Apartment,4,4,"Glover, Ikoyi",CWRE Lagos
"N30,000,000",2 Bedroom Apartment With BQ,2,2,"Ikate, Ikate Elegushi, Lekki",Edgeline Properties
"N300,000,000","Top Luxury 3 Bedroom Apartment, Bourdillon",5,5,"Bourdillon, Falomo , Ikoyi",DELUXE RESIDENCES
"N135,000,000","Well Built and Fully Furnished 3br Services Flat. Queens Drive, Ikoyi.",3,4,"Off Queens, Ikoyi",Stephens Aims Real Estate Ltd
"N300,000,000",Classic 4 Units Of 3 Bedroom Flat And 2 Units Pent Flat,15,15,"Off African Lane, Lekki Phase 1, Lekki",Wellpro Development and Real Estate
"N1,400,000,000",Block Of Flat Foe Bana Island,4,4,"Residential Zone,, Banana Island, Ikoyi",Island Luxury
"N40,000,000",3 Bedroom Flat Apartment For Sale,3,3,"Johnson's Court Mende, Maryland, Ikeja",
"N220,000,000",Luxury 3 Bedroom Flat,3,3,Ikoyi,Wellpro Development and Real Estate
"N25,500,000",Spacious 2 Bedroom Apartment,2,2,"Ikota, Lekki",CW Real Estate
"N39,000,000",Magnificently Built 3 and 2 Bedroom Flat with Bq,3,3,"Ikate, Ikate Elegushi, Lekki",Spoton Realty and Construction
"N45,000,000",Luxuriously Finished 3 Bedroom Flat,3,3,"Ikate, Ikate Elegushi, Lekki",Spoton Realty and Construction
"N33,000,000",Luxurious 3 Bedroom Apartment In Surulere,3,3,"Troy Court,, Aguda , Surulere",JOA Homes
"N7,800,000,000",Luxurious Block Of Flat For Sale,4,4,"Block N, Ocean Parade Towers,, Banana Island, Ikoyi",Island Luxury
"N35,000,000",Newly Built Serviced 3 Bedroom Flat,3,3,"In A Secured Compound, Osapa, Lekki",Spoton Realty and Construction
"N400,000,000",Ultra Luxury Ikoyi Apartment,3,4,"Banana Island, Ikoyi",
"N21,000,000",2 bedroom newly built lagoshoms flats,2,1,"Amuwo Odofin, Festac",Individual Listing
"N80,000,000",6 Nos 3 Bedroom Flat,3,3,"Gra Ikeja, Ikeja G.R.A, Ikeja",Femi Akinlusi and Co
"N90,000,000",Classic Block Of 6 Numbers Of 3 Bedroom Flats,3,3,"Off Awolowo Way, Ikeja , Ikeja",Femi Akinlusi and Co
"N130,000,000",Classic 4 Numbers Of 3 Bedroom Flats,3,3,"Off Adeniyi Jones Avenue, Ikeja , Ikeja",Femi Akinlusi and Co
"N35,000,000",3 Bed Apartment,3,3,"Onike, Yaba",Underwood Homes
"N52,000,000",2 UNITS OF 2bedroom flat with swimming pool and gym,2,2,"Ladoke Akintola, Ikeja , Ikeja",
"N37,000,000",3 bedroom luxury flat,3,2,"Ajose Mende, Maryland, Ikeja",
"N65,000,000",Lovely 4 Nos Of Bedroom Flats,4,4,"Off Diya/Mosalashi Street, Gbagada",Wellpro Development and Real Estate
"N40,000,000",Executive Three Bedroom Flats,3,3,"Ajao Estate, Oshodi",
"N200,000,000",4 Bedroom Penthouse,4,4,"Lekki Phase 1, Lekki",Yebellz Enterprise
"N840,000,000",Nice Upscale 3 Bed Apartment,3,3,Victoria Island,CWRE Lagos
"N120,000,000",Luxurious 2 Bedroom Flat For Sale In Old Ikoyi,2,2,"Old Ikoyi, Ikoyi",Dolphin Shelters
"N32,000,000",Pay Small Small and live close to your office in 2Bedroom Apartment In Ikate Lekki Phase1,2,3,"Meadow Hall Way By Richmond Estate, Ikate Elegushi, Lekki",Mcdedict Homes Limited
"N13,000,000","Apartments For Sell At Gracias Goldstone Sangotedo, Ajah",1,1,"Grasias Goldstone, Behind Novaral Mall (Shoprite), Sangotedo, Ajah",The Overflow Properties
"N13,950,000",3 Bedroom Flat In Awoyaya,3,3,"Wealthland Estate, Oribanwa, Awoyaya, Ajah",Invalays Investment Nig Ltd
"N58,000,000",Family Apartment,3,3,"Kusenla Road, Chisco, Ikate Elegushi, Lekki",Osekemi Properties Nig Lt
"N69,000,000",Blue Water View 2 Bedroom Apartments,2,2,"Lekki Phase1, Lekki Phase 1, Lekki",Dlizz Properties
"N320,000,000",Fully Furnished 3 Bedroom Flat For Sale In Eko Atlantic,3,3,"Eko Atlantic, Victoria Island",Dolphin Shelters
"N35,000,000",Newly Built 3 Bedroom Flat For Sale,3,3,"Sola Olagunji Street, Off New Road,, Lekki Phase 2, Lekki",Ubosi Eleh And Co
"N40,000,000",Luxury One Bedroom Apartment Along Water Corporation Drive Oniru Vi,1,1,"Water Corporation Drive, Oniru, Victoria Island",Deluxe Residences Ltd
"N35,000,000",4 Block of 3 bedroom flat,3,2,"Idioami Street, Egbeda, Agege",Batundetech Properties Limited
"N150,000,000",Executive Serviced Three Bedroom Flat,3,4,"Onikoyi, Ikoyi",Ubosi Eleh And Co
"N500,000,000",Luxury Five (5) Bedroom Apartment with Lekki - Ikoyi link bridge view,5,6,"Off Turnbull Road, Ikoyi",Space & Sphere
"N20,000,000",Lovely 2 Bedroom Flat,2,2,"Alagomeji Yaba, Yaba",
"N50,000,000",4 Nos 3 Bedroom Flat With A Mini- Flat Bq,3,3,"Akowonjo, Agege",Nobel & Company
"N30,000,000",Block Of 6(No.) 2/3 Bedroom Flat,2,3,"Isheri Oshun, By Jakande Estate,, Ikotun, Isolo",Gbenga Adenuga & Associates
"N48,000,000",Cromwell Court Estate,3,3,"Cromwell Court Estate, Chevron Alternative Route, Chevron Drive, Lekki",Osekemi Properties Nig Lt
"N220,000,000",Fully Furnished 3 Bedroom Apartment For Sale In Banana Island,3,3,"Banana Island, Ikoyi",Dolphin Shelters
"N30,000,000",4-Bedroom Bundalow,4,4,"Egan, Igando, Isolo",Rotimi Olukoga And Associates
"N100,000,000",Well Maintained 4 Units Of 3 Bedroom Flats,3,3,"Allen Junction, Allen Avenue, Ikeja",Nobel & Company
"N45,000,000","Luxury 2 Bedroom Flat In Ikate, Lekki",2,3,"Ikate, Ikate Elegushi, Lekki",Maxville Investment Inc
"N25,000,000",Newly Built 2 Bedroom Apartments,2,2,"Orchid Road, Chevron Drive, Lekki",JOA Homes
"N45,000,000",Stunning 3 Blocks 18 Units 4 Bedroom Apartment,4,4,"Maryland, Ikeja",
"N60,000,000",Partly Furnished 2 Bedroom Flat For Sale,2,2,"Quantum Terraces, Oniru, Victoria Island",Olawale Jordan Company
"N90,000,000","Luxury 3 Bedroom Apartment With a Maid's Room Adjacent Eko Hotel & Suites, Victoria Island, Lagos",3,3,"Adjacent Eko Hotel & Suite At Olosa Street, Adetokunbo Ademola, Victoria Island",Deluxe Residences Ltd
"N25,000,000","Block Of 4 Units Of 3 Bedroom Flat In Awesu Estate, Igbogbo Ikorodu",3,2,"Awesu Estate, Igbogbo, Mile 12, Ikorodu Road",FA And Associates
"N75,000,000",Luxurious 1 and 2 bedroom apartment,1,1,"Off Glover, Ikoyi",Beverly & Sam Properties
"N300,000,000",Luxury 5 Bedroom House in Ikoyi,5,6,"Banana Island, Ikoyi",Maxville Investment Inc
"N70,000,000",Exqusite 3 Bedroom Flat For Sale,3,3,"1004 Estate, Victoria Island",Island Luxury
"N70,000,000",Luxurious 1 and 2 Bedroom Flats,1,1,"Abia, Banana Island, Ikoyi",Beverly & Sam Properties
"N22,000,000",Everly Units Of 2 And 4 Bedroom Apartments,2,2,"0 Mins Drive From Vgc & 7 Mins Drive From Ajah Junction, Ajah",Teewhy Properties
"N100,000,000",2 Bedroom Apartment,2,2,"Ozumba Mbadiwe, Victoria Island",
"N19,000,000",Three (3) Bedroom Apartment,3,4,"Sangotedo, Ibeju Lekki, Ajah",Space & Sphere
"N160,000,000",Well-Maintained 3 Bedroom Apartment And 4 Bedroom Maisonette,3,3,"Mojisola Onikoyi Foreshore, Banana Island, Ikoyi",Beverly & Sam Properties
"N70,000,000",Luxury 3 Bedroom Apartments In Victoria Island,4,3,"Water Coperation Drive, Victoria Island",DELUXE RESIDENCES
"N75,000,000","Luxury 2 Bedroom Apartment Along Banana Island Rd, Ikoyi",2,2,"Banana Island Road, Banana Island, Ikoyi",Deluxe Residences Ltd
"N60,000,000","Luxury 3 Bedroom Flat with Maid's Room, AC and Fitted Kitchen",3,4,"Along Water Corporation Drive Off Ligali Ayorinde Street, Oniru, Victoria Island",Deluxe Residences Ltd
"N75,000,000",Exquisite 2 Bedroom Apartments At The Amlads Place Along Banana Island Ikoyi,2,2,"Banana Island Road, Banana Island, Ikoyi",Deluxe Residences Ltd
"N75,000,000","Luxury 2 Bedroom Apartment Along Banana Island Road, Ikoyi",2,2,"Banana Island Road, Banana Island, Ikoyi",Deluxe Residences Ltd
"N50,000,000",Luxury One Bedroom Apartments Along Banana Island Ikoyi,1,1,"Banana Island Road, Banana Island, Ikoyi",Deluxe Residences Ltd
"N25,000,000",Lovely 4 Units Of 3 Bedroom Block Of Flat,3,2,"Orile , Badagry Express",
,3 Bedroom Flat,3,4,"1St Avenue, Banana Island, Ikoyi",
"N32,000,000",Brand New 2 Bedroom Flat With Open Plan Kitchen,2,2,"Chevron Area, Lekki Expressway, Lekki",
"N40,000,000",lovely 2 and 3 bedrooms apartments for sale,2,3,"Osapa London, Osapa, Lekki",
"N55,000,000","Luxury 1,2&3 bedroom apartment for sale",3,3,"Off Kusenla Road, Ikate Elegushi, Lekki",
"N80,000,000",luxury 3 bedroom smart flat for sale in a prime location in lekki,3,3,"Close To Lekki Main Entrance, Lekki Phase 1, Lekki",
"N275,000,000",block of flats on a very large expanse of land in lekki phase 1 for sale,4,4,"Lekki Phase 1, Ikate Elegushi, Lekki",
"N35,000,000",Brand New 3 Bedroom Flat With BQ,3,3,"A Serene And Gated Estate In Agungi , Agungi, Lekki",
"N280,000,000",Super Luxury 4 Bedroom Apartment With Bq,4,4,"V.I., Victoria Island",
"N140,000,000",3 bedroom luxury apartment,3,3,"Mojisola Onikoyi Estate, Banana Island, Ikoyi",
"N70,000,000",2 bedroom luxury apartments,3,2,"Admiralty , Lekki Phase 1, Lekki",
,Super Luxury 4 Bedroom Apartment,4,4,"Banana Island Road, Banana Island, Ikoyi",
,18 Nos Of 3 Bedroom Apartment & 3 Nos Of 4 Bedroom Penthouse,3,3,"Banana Island, Ikoyi",
"N210,000,000",Luxury 3 Bedroom Falt,3,3,Victoria Island,
,Luxury 4 Bedroom Apartment,4,4,"Bourdillon Road, Ikoyi",
"N2,600,000,000",Newly Built 24 Units Of 3 & 4 Bedroom Flats,4,4,"Ademola. Street Off Awolowo Road , Ikoyi",
"N75,000,000","Lovely 3 Bedroom Apartment With A Room Bq , Swimming Pool And Elevator",3,3,"Lekki Phase 1, Lekki",
"N250,000,000",Nice & Spacioius 3 Bedroom Apartment,3,3,"Banana Island, Ikoyi",
"N85,000,000",Luxury 3-bedroom apartment,3,3,"Off Ajose Adeogun , Victoria Island",
"N95,000,000 
N190,000 /m2",5 bedroom LUXURY finished semi detached duplex,5,6,"Osapa London , Osapa, Lekki",
"N180,000,000",BLOCK OF 2 FLATS OF 1NOS 3BEDROOM FLAT And 1 NOS 2BEDROOM FLAT + Mini Fla,3,3,"Abacha Estate , Ikoyi",
"N150,000,000",Fully Furnished 3 Bedroom Flat For Sale,3,3,"Old, Ikoyi",
,Newly Built 2 Bedroom Apartment,2,3,"Osborne Road, Lagos Island",
"N40,000,000",Block Of 4 Units Of 3 Bedroom Flat,3,3,"Onigemo Street Ifako, Ifako, Gbagada",
"N28,000,000",royal 2 bedrooms apartment with bq,2,2,"Orchid Hotel Road Beside Chevron Toll Gate, Igbo Efon, Lekki",
"N80,000,000",5 Bedroom Penthouse for Sale in Ikate Elegushi,5,5,"Ikate Elegushi, Lekki",
"N50,000,000",3 Bedroom Flat for Sale in Ikate Elegushi,3,3,"Ikate Elegushi, Lekki",
